web-scraper-order,web-scraper-start-url,pages,pages-href,articles,articles-href,title,subtitle,author,date,content
"1571523684-1522","https://search.huffpost.com/search;_ylt=Awr9Eemyi6tdeSkAmkNsBmVH;_ylc=X1MDMTE5NzgwMzExNgRfcgMyBGZyA2h1ZmZwb3N0BGdwcmlkA0w5dUU3RzB5UWIyeklWOG5KZjJoZ0EEbl9yc2x0AzAEbl9zdWdnAzEwBG9yaWdpbgNzZWFyY2guaHVmZnBvc3QuY29tBHBvcwMwBHBxc3RyAwRwcXN0cmwDMARxc3RybAMxMQRxdWVyeQNzYXJhaCUyMHBhbGluBHRfc3RtcAMxNTcxNTIzNjU0?p=sarah+palin&fr2=sb-top&fr=huffpost","","","Sarah Palin On Oil Spill: Send In Dutch Dike Builders (VIDEO)","https://search.huffpost.com/click/_ylt=Awr9KRhNjKtdyU4APslsBmVH;_ylu=X3oDMTByNWU4cGh1BGNvbG8DZ3ExBHBvcwMxBHZ0aWQDBHNlYwNzYw--/RV=2/RE=1571552461/RO=10/RU=https%3a%2f%2fwww.huffpost.com%2fentry%2fsarah-palin-on-oil-spill_n_614299/RK=2/RS=go3AeYJK.DYBU.BPY2blEpLjMHc-","Sarah Palin On Oil Spill: Send In Dutch Dike Builders (VIDEO)","null","","06/16/2010 01:16 pm ET","“What his top priority is, Bill, is cap-and-tax,” Palin said. “It is using this crisis, not letting it go to waste, but to use this crisis to increase the cost of energy. And that is going to stall any kind of economic recovery that we have.”"
"1571523696-1529","https://search.huffpost.com/search;_ylt=Awr9Eemyi6tdeSkAmkNsBmVH;_ylc=X1MDMTE5NzgwMzExNgRfcgMyBGZyA2h1ZmZwb3N0BGdwcmlkA0w5dUU3RzB5UWIyeklWOG5KZjJoZ0EEbl9yc2x0AzAEbl9zdWdnAzEwBG9yaWdpbgNzZWFyY2guaHVmZnBvc3QuY29tBHBvcwMwBHBxc3RyAwRwcXN0cmwDMARxc3RybAMxMQRxdWVyeQNzYXJhaCUyMHBhbGluBHRfc3RtcAMxNTcxNTIzNjU0?p=sarah+palin&fr2=sb-top&fr=huffpost","","","Sarah Palin Says McCain's Regrets About Her Are A 'Perpetual Gut-Punch'","https://search.huffpost.com/click/_ylt=Awr9KRhNjKtdyU4AOslsBmVH;_ylu=X3oDMTByNWU4cGh1BGNvbG8DZ3ExBHBvcwMxBHZ0aWQDBHNlYwNzYw--/RV=2/RE=1571552461/RO=10/RU=https%3a%2f%2fwww.huffpost.com%2fentry%2fsarah-palin-john-mccain-regrets_n_5af56b23e4b00d7e4c1998d2/RK=2/RS=E6Whyf4h372pEya2VxIqO1PW5NE-","Sarah Palin Says McCain’s Regrets About Her Are A ‘Perpetual Gut-Punch’","Sen. John McCain (R-Ariz.) reportedly wishes he’d chosen Joe Lieberman as his 2008 running mate.","Willa Frej","05/11/2018 07:58 am ET",""
"1571523679-1506","https://search.huffpost.com/search;_ylt=Awr9Eemyi6tdeSkAmkNsBmVH;_ylc=X1MDMTE5NzgwMzExNgRfcgMyBGZyA2h1ZmZwb3N0BGdwcmlkA0w5dUU3RzB5UWIyeklWOG5KZjJoZ0EEbl9yc2x0AzAEbl9zdWdnAzEwBG9yaWdpbgNzZWFyY2guaHVmZnBvc3QuY29tBHBvcwMwBHBxc3RyAwRwcXN0cmwDMARxc3RybAMxMQRxdWVyeQNzYXJhaCUyMHBhbGluBHRfc3RtcAMxNTcxNTIzNjU0?p=sarah+palin&fr2=sb-top&fr=huffpost","","","Sarah Palin Ups Her 2014 Game, Endorses In Competitive GOP Senate Primary","https://search.huffpost.com/click/_ylt=Awr9KRhNjKtdyU4AQMlsBmVH;_ylu=X3oDMTByNWU4cGh1BGNvbG8DZ3ExBHBvcwMxBHZ0aWQDBHNlYwNzYw--/RV=2/RE=1571552461/RO=10/RU=https%3a%2f%2fwww.huffpost.com%2fentry%2fsarah-palin-tw-shannon_n_4951731/RK=2/RS=P9GM0KJYbrkUfs.PZa1lVQrOOzI-","Sarah Palin Ups Her 2014 Game, Endorses In Competitive GOP Senate Primary","null","","03/12/2014 05:17 pm ET","Former Alaska Gov. Sarah Palin (R) announced her fourth endorsement of the 2014 election cycle, backing Senate candidate and former Oklahoma House Speaker T.W. Shannon (R) in a Facebook post Wednesday."
"1571523679-1508","https://search.huffpost.com/search;_ylt=Awr9Eemyi6tdeSkAmkNsBmVH;_ylc=X1MDMTE5NzgwMzExNgRfcgMyBGZyA2h1ZmZwb3N0BGdwcmlkA0w5dUU3RzB5UWIyeklWOG5KZjJoZ0EEbl9yc2x0AzAEbl9zdWdnAzEwBG9yaWdpbgNzZWFyY2guaHVmZnBvc3QuY29tBHBvcwMwBHBxc3RyAwRwcXN0cmwDMARxc3RybAMxMQRxdWVyeQNzYXJhaCUyMHBhbGluBHRfc3RtcAMxNTcxNTIzNjU0?p=sarah+palin&fr2=sb-top&fr=huffpost","","","Sarah Palin Ups Her 2014 Game, Endorses In Competitive GOP Senate Primary","https://search.huffpost.com/click/_ylt=Awr9KRhNjKtdyU4AQMlsBmVH;_ylu=X3oDMTByNWU4cGh1BGNvbG8DZ3ExBHBvcwMxBHZ0aWQDBHNlYwNzYw--/RV=2/RE=1571552461/RO=10/RU=https%3a%2f%2fwww.huffpost.com%2fentry%2fsarah-palin-tw-shannon_n_4951731/RK=2/RS=P9GM0KJYbrkUfs.PZa1lVQrOOzI-","Sarah Palin Ups Her 2014 Game, Endorses In Competitive GOP Senate Primary","null","","03/12/2014 05:17 pm ET","“Tom Coburn leaves large conservative shoes to fill as he retires from the U.S. Senate,” Palin wrote. “At 6’5 feet tall, T.W. Shannon is just the leader to fill them. T.W. is the underdog in his race, but that’s not a position he’s unfamiliar with. He’s had to beat the odds all of his life. He became the first Republican to ever win his district’s seat in the Oklahoma state legislature even though the naysayers said it couldn’t be done. When he sought to be Speaker of the House, the naysayers said he was too young and too conservative to win. But his colleagues chose him anyway, and he became the youngest Speaker in Oklahoma history!”"
"1571523713-1558","https://search.huffpost.com/search;_ylt=Awr9Eemyi6tdeSkAmkNsBmVH;_ylc=X1MDMTE5NzgwMzExNgRfcgMyBGZyA2h1ZmZwb3N0BGdwcmlkA0w5dUU3RzB5UWIyeklWOG5KZjJoZ0EEbl9yc2x0AzAEbl9zdWdnAzEwBG9yaWdpbgNzZWFyY2guaHVmZnBvc3QuY29tBHBvcwMwBHBxc3RyAwRwcXN0cmwDMARxc3RybAMxMQRxdWVyeQNzYXJhaCUyMHBhbGluBHRfc3RtcAMxNTcxNTIzNjU0?p=sarah+palin&fr2=sb-top&fr=huffpost","","","Todd Palin Reportedly Files For Divorce From Sarah Palin","https://search.huffpost.com/click/_ylt=Awr9KRhNjKtdyU4ANMlsBmVH;_ylu=X3oDMTByNWU4cGh1BGNvbG8DZ3ExBHBvcwMxBHZ0aWQDBHNlYwNzYw--/RV=2/RE=1571552461/RO=10/RU=https%3a%2f%2fwww.huffpost.com%2fentry%2fsarah-palin-todd-palin-divorce_n_5d76a762e4b0fde50c2b4462/RK=2/RS=Pt3R1bkSZ1RR.QYt3TNY5VALSqE-","Todd Palin Reportedly Files For Divorce From Sarah Palin","The couple has been married for 31 years.","David Moye","09/09/2019 04:35 pm ET",""
"1571523684-1523","https://search.huffpost.com/search;_ylt=Awr9Eemyi6tdeSkAmkNsBmVH;_ylc=X1MDMTE5NzgwMzExNgRfcgMyBGZyA2h1ZmZwb3N0BGdwcmlkA0w5dUU3RzB5UWIyeklWOG5KZjJoZ0EEbl9yc2x0AzAEbl9zdWdnAzEwBG9yaWdpbgNzZWFyY2guaHVmZnBvc3QuY29tBHBvcwMwBHBxc3RyAwRwcXN0cmwDMARxc3RybAMxMQRxdWVyeQNzYXJhaCUyMHBhbGluBHRfc3RtcAMxNTcxNTIzNjU0?p=sarah+palin&fr2=sb-top&fr=huffpost","","","Sarah Palin On Oil Spill: Send In Dutch Dike Builders (VIDEO)","https://search.huffpost.com/click/_ylt=Awr9KRhNjKtdyU4APslsBmVH;_ylu=X3oDMTByNWU4cGh1BGNvbG8DZ3ExBHBvcwMxBHZ0aWQDBHNlYwNzYw--/RV=2/RE=1571552461/RO=10/RU=https%3a%2f%2fwww.huffpost.com%2fentry%2fsarah-palin-on-oil-spill_n_614299/RK=2/RS=go3AeYJK.DYBU.BPY2blEpLjMHc-","Sarah Palin On Oil Spill: Send In Dutch Dike Builders (VIDEO)","null","","06/16/2010 01:16 pm ET","WATCH the whole interview, “Dutch” comments start at five minutes:"
"1571523713-1563","https://search.huffpost.com/search;_ylt=Awr9Eemyi6tdeSkAmkNsBmVH;_ylc=X1MDMTE5NzgwMzExNgRfcgMyBGZyA2h1ZmZwb3N0BGdwcmlkA0w5dUU3RzB5UWIyeklWOG5KZjJoZ0EEbl9yc2x0AzAEbl9zdWdnAzEwBG9yaWdpbgNzZWFyY2guaHVmZnBvc3QuY29tBHBvcwMwBHBxc3RyAwRwcXN0cmwDMARxc3RybAMxMQRxdWVyeQNzYXJhaCUyMHBhbGluBHRfc3RtcAMxNTcxNTIzNjU0?p=sarah+palin&fr2=sb-top&fr=huffpost","","","Todd Palin Reportedly Files For Divorce From Sarah Palin","https://search.huffpost.com/click/_ylt=Awr9KRhNjKtdyU4ANMlsBmVH;_ylu=X3oDMTByNWU4cGh1BGNvbG8DZ3ExBHBvcwMxBHZ0aWQDBHNlYwNzYw--/RV=2/RE=1571552461/RO=10/RU=https%3a%2f%2fwww.huffpost.com%2fentry%2fsarah-palin-todd-palin-divorce_n_5d76a762e4b0fde50c2b4462/RK=2/RS=Pt3R1bkSZ1RR.QYt3TNY5VALSqE-","Todd Palin Reportedly Files For Divorce From Sarah Palin","The couple has been married for 31 years.","","09/09/2019 04:35 pm ET","The filing asks for joint legal custody of Trig, the couple’s only child not of legal age. They have four other children."
"1571523713-1559","https://search.huffpost.com/search;_ylt=Awr9Eemyi6tdeSkAmkNsBmVH;_ylc=X1MDMTE5NzgwMzExNgRfcgMyBGZyA2h1ZmZwb3N0BGdwcmlkA0w5dUU3RzB5UWIyeklWOG5KZjJoZ0EEbl9yc2x0AzAEbl9zdWdnAzEwBG9yaWdpbgNzZWFyY2guaHVmZnBvc3QuY29tBHBvcwMwBHBxc3RyAwRwcXN0cmwDMARxc3RybAMxMQRxdWVyeQNzYXJhaCUyMHBhbGluBHRfc3RtcAMxNTcxNTIzNjU0?p=sarah+palin&fr2=sb-top&fr=huffpost","","","Todd Palin Reportedly Files For Divorce From Sarah Palin","https://search.huffpost.com/click/_ylt=Awr9KRhNjKtdyU4ANMlsBmVH;_ylu=X3oDMTByNWU4cGh1BGNvbG8DZ3ExBHBvcwMxBHZ0aWQDBHNlYwNzYw--/RV=2/RE=1571552461/RO=10/RU=https%3a%2f%2fwww.huffpost.com%2fentry%2fsarah-palin-todd-palin-divorce_n_5d76a762e4b0fde50c2b4462/RK=2/RS=Pt3R1bkSZ1RR.QYt3TNY5VALSqE-","Todd Palin Reportedly Files For Divorce From Sarah Palin","The couple has been married for 31 years.","","09/09/2019 04:35 pm ET","Sarah Palin’s husband, Todd Palin, has reportedly filed for divorce from the former Alaska governor and the 2008 Republican vice-presidential nominee."
"1571523701-1547","https://search.huffpost.com/search;_ylt=Awr9Eemyi6tdeSkAmkNsBmVH;_ylc=X1MDMTE5NzgwMzExNgRfcgMyBGZyA2h1ZmZwb3N0BGdwcmlkA0w5dUU3RzB5UWIyeklWOG5KZjJoZ0EEbl9yc2x0AzAEbl9zdWdnAzEwBG9yaWdpbgNzZWFyY2guaHVmZnBvc3QuY29tBHBvcwMwBHBxc3RyAwRwcXN0cmwDMARxc3RybAMxMQRxdWVyeQNzYXJhaCUyMHBhbGluBHRfc3RtcAMxNTcxNTIzNjU0?p=sarah+palin&fr2=sb-top&fr=huffpost","","","Sarah Palin's Lawsuit Against The New York Times Can Move Forward, Court Rules","https://search.huffpost.com/click/_ylt=Awr9KRhNjKtdyU4AOMlsBmVH;_ylu=X3oDMTByNWU4cGh1BGNvbG8DZ3ExBHBvcwMxBHZ0aWQDBHNlYwNzYw--/RV=2/RE=1571552461/RO=10/RU=https%3a%2f%2fwww.huffpost.com%2fentry%2fsarah-palin-new-york-times-lawsuit_n_5d49b07de4b0d291ed07a34d/RK=2/RS=4wyAJEjirLXRcm7EppvdSMuVnXc-","Sarah Palin’s Lawsuit Against The New York Times Can Move Forward, Court Rules","A federal appeals court has revived the suit after a lower court dismissed it in 2017.","","08/06/2019 02:21 pm ET","The judges gave the suit a green light to move forward but noted that Palin’s attorneys will need to prove with “clear and convincing evidence” that the Times editors “acted with actual malice” in order to win their case."
"1571523679-1512","https://search.huffpost.com/search;_ylt=Awr9Eemyi6tdeSkAmkNsBmVH;_ylc=X1MDMTE5NzgwMzExNgRfcgMyBGZyA2h1ZmZwb3N0BGdwcmlkA0w5dUU3RzB5UWIyeklWOG5KZjJoZ0EEbl9yc2x0AzAEbl9zdWdnAzEwBG9yaWdpbgNzZWFyY2guaHVmZnBvc3QuY29tBHBvcwMwBHBxc3RyAwRwcXN0cmwDMARxc3RybAMxMQRxdWVyeQNzYXJhaCUyMHBhbGluBHRfc3RtcAMxNTcxNTIzNjU0?p=sarah+palin&fr2=sb-top&fr=huffpost","","","Sarah Palin Ups Her 2014 Game, Endorses In Competitive GOP Senate Primary","https://search.huffpost.com/click/_ylt=Awr9KRhNjKtdyU4AQMlsBmVH;_ylu=X3oDMTByNWU4cGh1BGNvbG8DZ3ExBHBvcwMxBHZ0aWQDBHNlYwNzYw--/RV=2/RE=1571552461/RO=10/RU=https%3a%2f%2fwww.huffpost.com%2fentry%2fsarah-palin-tw-shannon_n_4951731/RK=2/RS=P9GM0KJYbrkUfs.PZa1lVQrOOzI-","Sarah Palin Ups Her 2014 Game, Endorses In Competitive GOP Senate Primary","null","","03/12/2014 05:17 pm ET","In a separate Facebook post Wednesday, Palin wrote that she’ll endorse more candidates “in coming days.”"
"1571523701-1537","https://search.huffpost.com/search;_ylt=Awr9Eemyi6tdeSkAmkNsBmVH;_ylc=X1MDMTE5NzgwMzExNgRfcgMyBGZyA2h1ZmZwb3N0BGdwcmlkA0w5dUU3RzB5UWIyeklWOG5KZjJoZ0EEbl9yc2x0AzAEbl9zdWdnAzEwBG9yaWdpbgNzZWFyY2guaHVmZnBvc3QuY29tBHBvcwMwBHBxc3RyAwRwcXN0cmwDMARxc3RybAMxMQRxdWVyeQNzYXJhaCUyMHBhbGluBHRfc3RtcAMxNTcxNTIzNjU0?p=sarah+palin&fr2=sb-top&fr=huffpost","","","Sarah Palin's Lawsuit Against The New York Times Can Move Forward, Court Rules","https://search.huffpost.com/click/_ylt=Awr9KRhNjKtdyU4AOMlsBmVH;_ylu=X3oDMTByNWU4cGh1BGNvbG8DZ3ExBHBvcwMxBHZ0aWQDBHNlYwNzYw--/RV=2/RE=1571552461/RO=10/RU=https%3a%2f%2fwww.huffpost.com%2fentry%2fsarah-palin-new-york-times-lawsuit_n_5d49b07de4b0d291ed07a34d/RK=2/RS=4wyAJEjirLXRcm7EppvdSMuVnXc-","Sarah Palin’s Lawsuit Against The New York Times Can Move Forward, Court Rules","A federal appeals court has revived the suit after a lower court dismissed it in 2017.","","08/06/2019 02:21 pm ET","A federal appeals court has overturned a lower court’s dismissal of a lawsuit against The New York Times by former Alaska Gov. Sarah Palin (R), who claimed the newspaper defamed her by linking her to a 2011 mass shooting."
"1571523713-1562","https://search.huffpost.com/search;_ylt=Awr9Eemyi6tdeSkAmkNsBmVH;_ylc=X1MDMTE5NzgwMzExNgRfcgMyBGZyA2h1ZmZwb3N0BGdwcmlkA0w5dUU3RzB5UWIyeklWOG5KZjJoZ0EEbl9yc2x0AzAEbl9zdWdnAzEwBG9yaWdpbgNzZWFyY2guaHVmZnBvc3QuY29tBHBvcwMwBHBxc3RyAwRwcXN0cmwDMARxc3RybAMxMQRxdWVyeQNzYXJhaCUyMHBhbGluBHRfc3RtcAMxNTcxNTIzNjU0?p=sarah+palin&fr2=sb-top&fr=huffpost","","","Todd Palin Reportedly Files For Divorce From Sarah Palin","https://search.huffpost.com/click/_ylt=Awr9KRhNjKtdyU4ANMlsBmVH;_ylu=X3oDMTByNWU4cGh1BGNvbG8DZ3ExBHBvcwMxBHZ0aWQDBHNlYwNzYw--/RV=2/RE=1571552461/RO=10/RU=https%3a%2f%2fwww.huffpost.com%2fentry%2fsarah-palin-todd-palin-divorce_n_5d76a762e4b0fde50c2b4462/RK=2/RS=Pt3R1bkSZ1RR.QYt3TNY5VALSqE-","Todd Palin Reportedly Files For Divorce From Sarah Palin","The couple has been married for 31 years.","","09/09/2019 04:35 pm ET","The newspaper reported that the divorce filing used initials instead of full names, but the marriage date matches up with publicly available information."
"1571523679-1511","https://search.huffpost.com/search;_ylt=Awr9Eemyi6tdeSkAmkNsBmVH;_ylc=X1MDMTE5NzgwMzExNgRfcgMyBGZyA2h1ZmZwb3N0BGdwcmlkA0w5dUU3RzB5UWIyeklWOG5KZjJoZ0EEbl9yc2x0AzAEbl9zdWdnAzEwBG9yaWdpbgNzZWFyY2guaHVmZnBvc3QuY29tBHBvcwMwBHBxc3RyAwRwcXN0cmwDMARxc3RybAMxMQRxdWVyeQNzYXJhaCUyMHBhbGluBHRfc3RtcAMxNTcxNTIzNjU0?p=sarah+palin&fr2=sb-top&fr=huffpost","","","Sarah Palin Ups Her 2014 Game, Endorses In Competitive GOP Senate Primary","https://search.huffpost.com/click/_ylt=Awr9KRhNjKtdyU4AQMlsBmVH;_ylu=X3oDMTByNWU4cGh1BGNvbG8DZ3ExBHBvcwMxBHZ0aWQDBHNlYwNzYw--/RV=2/RE=1571552461/RO=10/RU=https%3a%2f%2fwww.huffpost.com%2fentry%2fsarah-palin-tw-shannon_n_4951731/RK=2/RS=P9GM0KJYbrkUfs.PZa1lVQrOOzI-","Sarah Palin Ups Her 2014 Game, Endorses In Competitive GOP Senate Primary","null","","03/12/2014 05:17 pm ET","Though she’s not running for elected office this year, Palin still holds significant sway among conservative activists. She delivered the final speech at the Conservative Political Action Conference on March 8."
"1571523674-1502","https://search.huffpost.com/search;_ylt=Awr9Eemyi6tdeSkAmkNsBmVH;_ylc=X1MDMTE5NzgwMzExNgRfcgMyBGZyA2h1ZmZwb3N0BGdwcmlkA0w5dUU3RzB5UWIyeklWOG5KZjJoZ0EEbl9yc2x0AzAEbl9zdWdnAzEwBG9yaWdpbgNzZWFyY2guaHVmZnBvc3QuY29tBHBvcwMwBHBxc3RyAwRwcXN0cmwDMARxc3RybAMxMQRxdWVyeQNzYXJhaCUyMHBhbGluBHRfc3RtcAMxNTcxNTIzNjU0?p=sarah+palin&fr2=sb-top&fr=huffpost","","","Sarah Palin: Donald Trump Being 'Treated Really Unfairly'","https://search.huffpost.com/click/_ylt=Awr9KRhNjKtdyU4AQslsBmVH;_ylu=X3oDMTByNWU4cGh1BGNvbG8DZ3ExBHBvcwMxBHZ0aWQDBHNlYwNzYw--/RV=2/RE=1571552461/RO=10/RU=https%3a%2f%2fwww.huffpost.com%2fentry%2fsarah-palin-donald-trump_n_851446/RK=2/RS=HkmZ_L30kJSAJ6dQmHN7stJ69H4-","Sarah Palin: Donald Trump Being ‘Treated Really Unfairly’ (VIDEO)","null","","04/20/2011 10:35 am ET","Despite the comments, Palin has signaled she believes the president was born in the United States. As for her own ambitions for 2012, she said on Tuesday night that launching a presidential exploratory isn’t “even on the radar.”"
"1571523713-1560","https://search.huffpost.com/search;_ylt=Awr9Eemyi6tdeSkAmkNsBmVH;_ylc=X1MDMTE5NzgwMzExNgRfcgMyBGZyA2h1ZmZwb3N0BGdwcmlkA0w5dUU3RzB5UWIyeklWOG5KZjJoZ0EEbl9yc2x0AzAEbl9zdWdnAzEwBG9yaWdpbgNzZWFyY2guaHVmZnBvc3QuY29tBHBvcwMwBHBxc3RyAwRwcXN0cmwDMARxc3RybAMxMQRxdWVyeQNzYXJhaCUyMHBhbGluBHRfc3RtcAMxNTcxNTIzNjU0?p=sarah+palin&fr2=sb-top&fr=huffpost","","","Todd Palin Reportedly Files For Divorce From Sarah Palin","https://search.huffpost.com/click/_ylt=Awr9KRhNjKtdyU4ANMlsBmVH;_ylu=X3oDMTByNWU4cGh1BGNvbG8DZ3ExBHBvcwMxBHZ0aWQDBHNlYwNzYw--/RV=2/RE=1571552461/RO=10/RU=https%3a%2f%2fwww.huffpost.com%2fentry%2fsarah-palin-todd-palin-divorce_n_5d76a762e4b0fde50c2b4462/RK=2/RS=Pt3R1bkSZ1RR.QYt3TNY5VALSqE-","Todd Palin Reportedly Files For Divorce From Sarah Palin","The couple has been married for 31 years.","","09/09/2019 04:35 pm ET","Todd Palin filed a document in Anchorage Superior Court on Friday asking the marriage be dissolved, according to The Anchorage Daily News."
"1571523674-1495","https://search.huffpost.com/search;_ylt=Awr9Eemyi6tdeSkAmkNsBmVH;_ylc=X1MDMTE5NzgwMzExNgRfcgMyBGZyA2h1ZmZwb3N0BGdwcmlkA0w5dUU3RzB5UWIyeklWOG5KZjJoZ0EEbl9yc2x0AzAEbl9zdWdnAzEwBG9yaWdpbgNzZWFyY2guaHVmZnBvc3QuY29tBHBvcwMwBHBxc3RyAwRwcXN0cmwDMARxc3RybAMxMQRxdWVyeQNzYXJhaCUyMHBhbGluBHRfc3RtcAMxNTcxNTIzNjU0?p=sarah+palin&fr2=sb-top&fr=huffpost","","","Sarah Palin: Donald Trump Being 'Treated Really Unfairly'","https://search.huffpost.com/click/_ylt=Awr9KRhNjKtdyU4AQslsBmVH;_ylu=X3oDMTByNWU4cGh1BGNvbG8DZ3ExBHBvcwMxBHZ0aWQDBHNlYwNzYw--/RV=2/RE=1571552461/RO=10/RU=https%3a%2f%2fwww.huffpost.com%2fentry%2fsarah-palin-donald-trump_n_851446/RK=2/RS=HkmZ_L30kJSAJ6dQmHN7stJ69H4-","Sarah Palin: Donald Trump Being ‘Treated Really Unfairly’ (VIDEO)","null","","04/20/2011 10:35 am ET","Sarah Palin came to the defense of Donald Trump on Tuesday night in the wake of criticism coming from both sides targeting the potential presidential contender."
"1571523707-1551","https://search.huffpost.com/search;_ylt=Awr9Eemyi6tdeSkAmkNsBmVH;_ylc=X1MDMTE5NzgwMzExNgRfcgMyBGZyA2h1ZmZwb3N0BGdwcmlkA0w5dUU3RzB5UWIyeklWOG5KZjJoZ0EEbl9yc2x0AzAEbl9zdWdnAzEwBG9yaWdpbgNzZWFyY2guaHVmZnBvc3QuY29tBHBvcwMwBHBxc3RyAwRwcXN0cmwDMARxc3RybAMxMQRxdWVyeQNzYXJhaCUyMHBhbGluBHRfc3RtcAMxNTcxNTIzNjU0?p=sarah+palin&fr2=sb-top&fr=huffpost","","","Sarah Palin Once Joked Her Marriage Was Doomed To Fail","https://search.huffpost.com/click/_ylt=Awr9KRhNjKtdyU4ANslsBmVH;_ylu=X3oDMTByNWU4cGh1BGNvbG8DZ3ExBHBvcwMxBHZ0aWQDBHNlYwNzYw--/RV=2/RE=1571552461/RO=10/RU=https%3a%2f%2fwww.huffpost.com%2fentry%2fsarah-palin-joked-about-divorce-todd-palin_n_5d76bed9e4b0fde50c2b7e10/RK=2/RS=Lx.N41IS11AalyCvRJ38ztkf7zU-","Sarah Palin Once Joked Her Marriage Was Doomed To Fail","Records released in 2012 by Alaska officials revealed the former governor and vice presidential candidate once quipped about the possibility in an email.","","09/09/2019 06:39 pm ET","Within the mountain of files was an email sent September 2007 during her governorship to aides Kris Perry and Frank Bailey on which Todd Palin was copied."
"1571523669-1493","https://search.huffpost.com/search;_ylt=Awr9Eemyi6tdeSkAmkNsBmVH;_ylc=X1MDMTE5NzgwMzExNgRfcgMyBGZyA2h1ZmZwb3N0BGdwcmlkA0w5dUU3RzB5UWIyeklWOG5KZjJoZ0EEbl9yc2x0AzAEbl9zdWdnAzEwBG9yaWdpbgNzZWFyY2guaHVmZnBvc3QuY29tBHBvcwMwBHBxc3RyAwRwcXN0cmwDMARxc3RybAMxMQRxdWVyeQNzYXJhaCUyMHBhbGluBHRfc3RtcAMxNTcxNTIzNjU0?p=sarah+palin&fr2=sb-top&fr=huffpost","","","Tina Fey's Sarah Palin Leads 'SNL' Chorus Lamenting 'What I Did For Trump'","https://search.huffpost.com/click/_ylt=Awr9KRhNjKtdyU4ARMlsBmVH;_ylu=X3oDMTByNWU4cGh1BGNvbG8DZ3ExBHBvcwMxBHZ0aWQDBHNlYwNzYw--/RV=2/RE=1571552461/RO=10/RU=https%3a%2f%2fwww.huffpost.com%2fentry%2ftina-feys-sarah-palin-leads-what-i-did-for-trump_n_5b012000e4b0a046186caec6/RK=2/RS=2z7GGmi88oOtPnKDrM0_0tL_B1Y-","Tina Fey’s Sarah Palin Leads ‘SNL’ Chorus Lamenting ‘What I Did For Trump’","John Goodman’s Tillerson croons: “Don’t forget I regret what I did for Trump.”","","05/20/2018 04:10 am ET","John Goodman’s Rex Tillerson said that being fired by Trump was the best thing that ever happened to him. “Don’t forget I regret what I did for Trump,” he sang. Cecily Strong’s Stormy Daniels piped in: “What I did with Trump.”"
"1571523701-1545","https://search.huffpost.com/search;_ylt=Awr9Eemyi6tdeSkAmkNsBmVH;_ylc=X1MDMTE5NzgwMzExNgRfcgMyBGZyA2h1ZmZwb3N0BGdwcmlkA0w5dUU3RzB5UWIyeklWOG5KZjJoZ0EEbl9yc2x0AzAEbl9zdWdnAzEwBG9yaWdpbgNzZWFyY2guaHVmZnBvc3QuY29tBHBvcwMwBHBxc3RyAwRwcXN0cmwDMARxc3RybAMxMQRxdWVyeQNzYXJhaCUyMHBhbGluBHRfc3RtcAMxNTcxNTIzNjU0?p=sarah+palin&fr2=sb-top&fr=huffpost","","","Sarah Palin's Lawsuit Against The New York Times Can Move Forward, Court Rules","https://search.huffpost.com/click/_ylt=Awr9KRhNjKtdyU4AOMlsBmVH;_ylu=X3oDMTByNWU4cGh1BGNvbG8DZ3ExBHBvcwMxBHZ0aWQDBHNlYwNzYw--/RV=2/RE=1571552461/RO=10/RU=https%3a%2f%2fwww.huffpost.com%2fentry%2fsarah-palin-new-york-times-lawsuit_n_5d49b07de4b0d291ed07a34d/RK=2/RS=4wyAJEjirLXRcm7EppvdSMuVnXc-","Sarah Palin’s Lawsuit Against The New York Times Can Move Forward, Court Rules","A federal appeals court has revived the suit after a lower court dismissed it in 2017.","","08/06/2019 02:21 pm ET","“Negligence this may be; but defamation of a public figure it plainly is not,” Rakoff wrote in his 26-page decision."
"1571523713-1565","https://search.huffpost.com/search;_ylt=Awr9Eemyi6tdeSkAmkNsBmVH;_ylc=X1MDMTE5NzgwMzExNgRfcgMyBGZyA2h1ZmZwb3N0BGdwcmlkA0w5dUU3RzB5UWIyeklWOG5KZjJoZ0EEbl9yc2x0AzAEbl9zdWdnAzEwBG9yaWdpbgNzZWFyY2guaHVmZnBvc3QuY29tBHBvcwMwBHBxc3RyAwRwcXN0cmwDMARxc3RybAMxMQRxdWVyeQNzYXJhaCUyMHBhbGluBHRfc3RtcAMxNTcxNTIzNjU0?p=sarah+palin&fr2=sb-top&fr=huffpost","","","Todd Palin Reportedly Files For Divorce From Sarah Palin","https://search.huffpost.com/click/_ylt=Awr9KRhNjKtdyU4ANMlsBmVH;_ylu=X3oDMTByNWU4cGh1BGNvbG8DZ3ExBHBvcwMxBHZ0aWQDBHNlYwNzYw--/RV=2/RE=1571552461/RO=10/RU=https%3a%2f%2fwww.huffpost.com%2fentry%2fsarah-palin-todd-palin-divorce_n_5d76a762e4b0fde50c2b4462/RK=2/RS=Pt3R1bkSZ1RR.QYt3TNY5VALSqE-","Todd Palin Reportedly Files For Divorce From Sarah Palin","The couple has been married for 31 years.","","09/09/2019 04:35 pm ET","The Anchorage Daily News reported that Kimberlee Colbo, a lawyer for Todd Palin, filed a separate document asking the court to designate the divorce confidential."
"1571523662-1484","https://search.huffpost.com/search;_ylt=Awr9Eemyi6tdeSkAmkNsBmVH;_ylc=X1MDMTE5NzgwMzExNgRfcgMyBGZyA2h1ZmZwb3N0BGdwcmlkA0w5dUU3RzB5UWIyeklWOG5KZjJoZ0EEbl9yc2x0AzAEbl9zdWdnAzEwBG9yaWdpbgNzZWFyY2guaHVmZnBvc3QuY29tBHBvcwMwBHBxc3RyAwRwcXN0cmwDMARxc3RybAMxMQRxdWVyeQNzYXJhaCUyMHBhbGluBHRfc3RtcAMxNTcxNTIzNjU0?p=sarah+palin&fr2=sb-top&fr=huffpost","2","https://search.huffpost.com/search;_ylt=Awr9KRhNjKtdyU4ATslsBmVH;_ylu=X3oDMTEza3NiY3RnBGNvbG8DZ3ExBHBvcwMxBHZ0aWQDBHNlYwNwYWdpbmF0aW9u?p=sarah+palin&fr=huffpost&fr2=sb-top&b=11&pz=10&bct=0&xargs=0","","","","","","",""
"1571523713-1566","https://search.huffpost.com/search;_ylt=Awr9Eemyi6tdeSkAmkNsBmVH;_ylc=X1MDMTE5NzgwMzExNgRfcgMyBGZyA2h1ZmZwb3N0BGdwcmlkA0w5dUU3RzB5UWIyeklWOG5KZjJoZ0EEbl9yc2x0AzAEbl9zdWdnAzEwBG9yaWdpbgNzZWFyY2guaHVmZnBvc3QuY29tBHBvcwMwBHBxc3RyAwRwcXN0cmwDMARxc3RybAMxMQRxdWVyeQNzYXJhaCUyMHBhbGluBHRfc3RtcAMxNTcxNTIzNjU0?p=sarah+palin&fr2=sb-top&fr=huffpost","","","Todd Palin Reportedly Files For Divorce From Sarah Palin","https://search.huffpost.com/click/_ylt=Awr9KRhNjKtdyU4ANMlsBmVH;_ylu=X3oDMTByNWU4cGh1BGNvbG8DZ3ExBHBvcwMxBHZ0aWQDBHNlYwNzYw--/RV=2/RE=1571552461/RO=10/RU=https%3a%2f%2fwww.huffpost.com%2fentry%2fsarah-palin-todd-palin-divorce_n_5d76a762e4b0fde50c2b4462/RK=2/RS=Pt3R1bkSZ1RR.QYt3TNY5VALSqE-","Todd Palin Reportedly Files For Divorce From Sarah Palin","The couple has been married for 31 years.","","09/09/2019 04:35 pm ET","Anchorage blogger Craig Medred, who first reported about the divorce filing, said the Palins have been dogged by rumors of marital discord for at least a decade. He wrote unlike in the past, Todd Palin has been noticeably absent from Sarah Palin’s social media accounts for the last six months."
"1571523674-1501","https://search.huffpost.com/search;_ylt=Awr9Eemyi6tdeSkAmkNsBmVH;_ylc=X1MDMTE5NzgwMzExNgRfcgMyBGZyA2h1ZmZwb3N0BGdwcmlkA0w5dUU3RzB5UWIyeklWOG5KZjJoZ0EEbl9yc2x0AzAEbl9zdWdnAzEwBG9yaWdpbgNzZWFyY2guaHVmZnBvc3QuY29tBHBvcwMwBHBxc3RyAwRwcXN0cmwDMARxc3RybAMxMQRxdWVyeQNzYXJhaCUyMHBhbGluBHRfc3RtcAMxNTcxNTIzNjU0?p=sarah+palin&fr2=sb-top&fr=huffpost","","","Sarah Palin: Donald Trump Being 'Treated Really Unfairly'","https://search.huffpost.com/click/_ylt=Awr9KRhNjKtdyU4AQslsBmVH;_ylu=X3oDMTByNWU4cGh1BGNvbG8DZ3ExBHBvcwMxBHZ0aWQDBHNlYwNzYw--/RV=2/RE=1571552461/RO=10/RU=https%3a%2f%2fwww.huffpost.com%2fentry%2fsarah-palin-donald-trump_n_851446/RK=2/RS=HkmZ_L30kJSAJ6dQmHN7stJ69H4-","Sarah Palin: Donald Trump Being ‘Treated Really Unfairly’ (VIDEO)","null","","04/20/2011 10:35 am ET","Palin added, “He’s not just throwing stones from the sidelines, he’s digging in, he’s paying for researchers to find out why President Obama would have spent $2 million to not show his birth certificate, so more power to him.”"
"1571523684-1521","https://search.huffpost.com/search;_ylt=Awr9Eemyi6tdeSkAmkNsBmVH;_ylc=X1MDMTE5NzgwMzExNgRfcgMyBGZyA2h1ZmZwb3N0BGdwcmlkA0w5dUU3RzB5UWIyeklWOG5KZjJoZ0EEbl9yc2x0AzAEbl9zdWdnAzEwBG9yaWdpbgNzZWFyY2guaHVmZnBvc3QuY29tBHBvcwMwBHBxc3RyAwRwcXN0cmwDMARxc3RybAMxMQRxdWVyeQNzYXJhaCUyMHBhbGluBHRfc3RtcAMxNTcxNTIzNjU0?p=sarah+palin&fr2=sb-top&fr=huffpost","","","Sarah Palin On Oil Spill: Send In Dutch Dike Builders (VIDEO)","https://search.huffpost.com/click/_ylt=Awr9KRhNjKtdyU4APslsBmVH;_ylu=X3oDMTByNWU4cGh1BGNvbG8DZ3ExBHBvcwMxBHZ0aWQDBHNlYwNzYw--/RV=2/RE=1571552461/RO=10/RU=https%3a%2f%2fwww.huffpost.com%2fentry%2fsarah-palin-on-oil-spill_n_614299/RK=2/RS=go3AeYJK.DYBU.BPY2blEpLjMHc-","Sarah Palin On Oil Spill: Send In Dutch Dike Builders (VIDEO)","null","","06/16/2010 01:16 pm ET","Earlier in the interview, Palin also blasted the Obama administration for allegedly using the current catastrophe to push a policy agenda."
"1571523684-1519","https://search.huffpost.com/search;_ylt=Awr9Eemyi6tdeSkAmkNsBmVH;_ylc=X1MDMTE5NzgwMzExNgRfcgMyBGZyA2h1ZmZwb3N0BGdwcmlkA0w5dUU3RzB5UWIyeklWOG5KZjJoZ0EEbl9yc2x0AzAEbl9zdWdnAzEwBG9yaWdpbgNzZWFyY2guaHVmZnBvc3QuY29tBHBvcwMwBHBxc3RyAwRwcXN0cmwDMARxc3RybAMxMQRxdWVyeQNzYXJhaCUyMHBhbGluBHRfc3RtcAMxNTcxNTIzNjU0?p=sarah+palin&fr2=sb-top&fr=huffpost","","","Sarah Palin On Oil Spill: Send In Dutch Dike Builders (VIDEO)","https://search.huffpost.com/click/_ylt=Awr9KRhNjKtdyU4APslsBmVH;_ylu=X3oDMTByNWU4cGh1BGNvbG8DZ3ExBHBvcwMxBHZ0aWQDBHNlYwNzYw--/RV=2/RE=1571552461/RO=10/RU=https%3a%2f%2fwww.huffpost.com%2fentry%2fsarah-palin-on-oil-spill_n_614299/RK=2/RS=go3AeYJK.DYBU.BPY2blEpLjMHc-","Sarah Palin On Oil Spill: Send In Dutch Dike Builders (VIDEO)","null","","06/16/2010 01:16 pm ET","Of course, as the Washington Post reported earlier this week, the White House actually accepted Dutch and Norwegian aid on the oil spill cleanup effort back last month — though not in the form of dike builders."
"1571523679-1507","https://search.huffpost.com/search;_ylt=Awr9Eemyi6tdeSkAmkNsBmVH;_ylc=X1MDMTE5NzgwMzExNgRfcgMyBGZyA2h1ZmZwb3N0BGdwcmlkA0w5dUU3RzB5UWIyeklWOG5KZjJoZ0EEbl9yc2x0AzAEbl9zdWdnAzEwBG9yaWdpbgNzZWFyY2guaHVmZnBvc3QuY29tBHBvcwMwBHBxc3RyAwRwcXN0cmwDMARxc3RybAMxMQRxdWVyeQNzYXJhaCUyMHBhbGluBHRfc3RtcAMxNTcxNTIzNjU0?p=sarah+palin&fr2=sb-top&fr=huffpost","","","Sarah Palin Ups Her 2014 Game, Endorses In Competitive GOP Senate Primary","https://search.huffpost.com/click/_ylt=Awr9KRhNjKtdyU4AQMlsBmVH;_ylu=X3oDMTByNWU4cGh1BGNvbG8DZ3ExBHBvcwMxBHZ0aWQDBHNlYwNzYw--/RV=2/RE=1571552461/RO=10/RU=https%3a%2f%2fwww.huffpost.com%2fentry%2fsarah-palin-tw-shannon_n_4951731/RK=2/RS=P9GM0KJYbrkUfs.PZa1lVQrOOzI-","Sarah Palin Ups Her 2014 Game, Endorses In Competitive GOP Senate Primary","null","","03/12/2014 05:17 pm ET","Shannon is running in a Republican primary which includes Rep. James Lankford ((R-Okla.) for the seat being vacated by retiring Sen. Tom Coburn (R-Okla.)."
"1571523707-1549","https://search.huffpost.com/search;_ylt=Awr9Eemyi6tdeSkAmkNsBmVH;_ylc=X1MDMTE5NzgwMzExNgRfcgMyBGZyA2h1ZmZwb3N0BGdwcmlkA0w5dUU3RzB5UWIyeklWOG5KZjJoZ0EEbl9yc2x0AzAEbl9zdWdnAzEwBG9yaWdpbgNzZWFyY2guaHVmZnBvc3QuY29tBHBvcwMwBHBxc3RyAwRwcXN0cmwDMARxc3RybAMxMQRxdWVyeQNzYXJhaCUyMHBhbGluBHRfc3RtcAMxNTcxNTIzNjU0?p=sarah+palin&fr2=sb-top&fr=huffpost","","","Sarah Palin Once Joked Her Marriage Was Doomed To Fail","https://search.huffpost.com/click/_ylt=Awr9KRhNjKtdyU4ANslsBmVH;_ylu=X3oDMTByNWU4cGh1BGNvbG8DZ3ExBHBvcwMxBHZ0aWQDBHNlYwNzYw--/RV=2/RE=1571552461/RO=10/RU=https%3a%2f%2fwww.huffpost.com%2fentry%2fsarah-palin-joked-about-divorce-todd-palin_n_5d76bed9e4b0fde50c2b7e10/RK=2/RS=Lx.N41IS11AalyCvRJ38ztkf7zU-","Sarah Palin Once Joked Her Marriage Was Doomed To Fail","Records released in 2012 by Alaska officials revealed the former governor and vice presidential candidate once quipped about the possibility in an email.","","09/09/2019 06:39 pm ET","Former Alaska Gov. Sarah Palin, whose husband, Todd Palin, has reportedly filed for divorce, once joked about the prospect in an email exchange, calling it a matter of “when” rather than “if.”"
"1571523696-1533","https://search.huffpost.com/search;_ylt=Awr9Eemyi6tdeSkAmkNsBmVH;_ylc=X1MDMTE5NzgwMzExNgRfcgMyBGZyA2h1ZmZwb3N0BGdwcmlkA0w5dUU3RzB5UWIyeklWOG5KZjJoZ0EEbl9yc2x0AzAEbl9zdWdnAzEwBG9yaWdpbgNzZWFyY2guaHVmZnBvc3QuY29tBHBvcwMwBHBxc3RyAwRwcXN0cmwDMARxc3RybAMxMQRxdWVyeQNzYXJhaCUyMHBhbGluBHRfc3RtcAMxNTcxNTIzNjU0?p=sarah+palin&fr2=sb-top&fr=huffpost","","","Sarah Palin Says McCain's Regrets About Her Are A 'Perpetual Gut-Punch'","https://search.huffpost.com/click/_ylt=Awr9KRhNjKtdyU4AOslsBmVH;_ylu=X3oDMTByNWU4cGh1BGNvbG8DZ3ExBHBvcwMxBHZ0aWQDBHNlYwNzYw--/RV=2/RE=1571552461/RO=10/RU=https%3a%2f%2fwww.huffpost.com%2fentry%2fsarah-palin-john-mccain-regrets_n_5af56b23e4b00d7e4c1998d2/RK=2/RS=E6Whyf4h372pEya2VxIqO1PW5NE-","Sarah Palin Says McCain’s Regrets About Her Are A ‘Perpetual Gut-Punch’","Sen. John McCain (R-Ariz.) reportedly wishes he’d chosen Joe Lieberman as his 2008 running mate.","","05/11/2018 07:58 am ET","“It happens to me also where people speak for me and a bell is rung, and you can’t un-ring the bell,” she said. “I don’t know unless I heard it from Sen. McCain myself.” She added that hearing the claim feels “like a perpetual gut-punch.”"
"1571523674-1496","https://search.huffpost.com/search;_ylt=Awr9Eemyi6tdeSkAmkNsBmVH;_ylc=X1MDMTE5NzgwMzExNgRfcgMyBGZyA2h1ZmZwb3N0BGdwcmlkA0w5dUU3RzB5UWIyeklWOG5KZjJoZ0EEbl9yc2x0AzAEbl9zdWdnAzEwBG9yaWdpbgNzZWFyY2guaHVmZnBvc3QuY29tBHBvcwMwBHBxc3RyAwRwcXN0cmwDMARxc3RybAMxMQRxdWVyeQNzYXJhaCUyMHBhbGluBHRfc3RtcAMxNTcxNTIzNjU0?p=sarah+palin&fr2=sb-top&fr=huffpost","","","Sarah Palin: Donald Trump Being 'Treated Really Unfairly'","https://search.huffpost.com/click/_ylt=Awr9KRhNjKtdyU4AQslsBmVH;_ylu=X3oDMTByNWU4cGh1BGNvbG8DZ3ExBHBvcwMxBHZ0aWQDBHNlYwNzYw--/RV=2/RE=1571552461/RO=10/RU=https%3a%2f%2fwww.huffpost.com%2fentry%2fsarah-palin-donald-trump_n_851446/RK=2/RS=HkmZ_L30kJSAJ6dQmHN7stJ69H4-","Sarah Palin: Donald Trump Being ‘Treated Really Unfairly’ (VIDEO)","null","","04/20/2011 10:35 am ET","“Donald Trump is the one being really treated unfairly,” said the former Alaska governor during an interview on Fox News Channel’s Hannity. She said that the press has been “hammering” the billionaire for propagating the debunked conspiracy theory that President Barack Obama wasn’t born in the United States."
"1571523707-1548","https://search.huffpost.com/search;_ylt=Awr9Eemyi6tdeSkAmkNsBmVH;_ylc=X1MDMTE5NzgwMzExNgRfcgMyBGZyA2h1ZmZwb3N0BGdwcmlkA0w5dUU3RzB5UWIyeklWOG5KZjJoZ0EEbl9yc2x0AzAEbl9zdWdnAzEwBG9yaWdpbgNzZWFyY2guaHVmZnBvc3QuY29tBHBvcwMwBHBxc3RyAwRwcXN0cmwDMARxc3RybAMxMQRxdWVyeQNzYXJhaCUyMHBhbGluBHRfc3RtcAMxNTcxNTIzNjU0?p=sarah+palin&fr2=sb-top&fr=huffpost","","","Sarah Palin Once Joked Her Marriage Was Doomed To Fail","https://search.huffpost.com/click/_ylt=Awr9KRhNjKtdyU4ANslsBmVH;_ylu=X3oDMTByNWU4cGh1BGNvbG8DZ3ExBHBvcwMxBHZ0aWQDBHNlYwNzYw--/RV=2/RE=1571552461/RO=10/RU=https%3a%2f%2fwww.huffpost.com%2fentry%2fsarah-palin-joked-about-divorce-todd-palin_n_5d76bed9e4b0fde50c2b7e10/RK=2/RS=Lx.N41IS11AalyCvRJ38ztkf7zU-","Sarah Palin Once Joked Her Marriage Was Doomed To Fail","Records released in 2012 by Alaska officials revealed the former governor and vice presidential candidate once quipped about the possibility in an email.","Amy Russo","09/09/2019 06:39 pm ET",""
"1571523679-1509","https://search.huffpost.com/search;_ylt=Awr9Eemyi6tdeSkAmkNsBmVH;_ylc=X1MDMTE5NzgwMzExNgRfcgMyBGZyA2h1ZmZwb3N0BGdwcmlkA0w5dUU3RzB5UWIyeklWOG5KZjJoZ0EEbl9yc2x0AzAEbl9zdWdnAzEwBG9yaWdpbgNzZWFyY2guaHVmZnBvc3QuY29tBHBvcwMwBHBxc3RyAwRwcXN0cmwDMARxc3RybAMxMQRxdWVyeQNzYXJhaCUyMHBhbGluBHRfc3RtcAMxNTcxNTIzNjU0?p=sarah+palin&fr2=sb-top&fr=huffpost","","","Sarah Palin Ups Her 2014 Game, Endorses In Competitive GOP Senate Primary","https://search.huffpost.com/click/_ylt=Awr9KRhNjKtdyU4AQMlsBmVH;_ylu=X3oDMTByNWU4cGh1BGNvbG8DZ3ExBHBvcwMxBHZ0aWQDBHNlYwNzYw--/RV=2/RE=1571552461/RO=10/RU=https%3a%2f%2fwww.huffpost.com%2fentry%2fsarah-palin-tw-shannon_n_4951731/RK=2/RS=P9GM0KJYbrkUfs.PZa1lVQrOOzI-","Sarah Palin Ups Her 2014 Game, Endorses In Competitive GOP Senate Primary","null","","03/12/2014 05:17 pm ET","Shannon, who is 36, has attracted attention as Oklahoma’s first African-American state House speaker."
"1571523689-1526","https://search.huffpost.com/search;_ylt=Awr9Eemyi6tdeSkAmkNsBmVH;_ylc=X1MDMTE5NzgwMzExNgRfcgMyBGZyA2h1ZmZwb3N0BGdwcmlkA0w5dUU3RzB5UWIyeklWOG5KZjJoZ0EEbl9yc2x0AzAEbl9zdWdnAzEwBG9yaWdpbgNzZWFyY2guaHVmZnBvc3QuY29tBHBvcwMwBHBxc3RyAwRwcXN0cmwDMARxc3RybAMxMQRxdWVyeQNzYXJhaCUyMHBhbGluBHRfc3RtcAMxNTcxNTIzNjU0?p=sarah+palin&fr2=sb-top&fr=huffpost","","","Sarah Palin Endorses Three Iraq War Veterans For Congress","https://search.huffpost.com/click/_ylt=Awr9KRhNjKtdyU4APMlsBmVH;_ylu=X3oDMTByNWU4cGh1BGNvbG8DZ3ExBHBvcwMxBHZ0aWQDBHNlYwNzYw--/RV=2/RE=1571552461/RO=10/RU=https%3a%2f%2fwww.huffpost.com%2fentry%2fsarah-palin-endorses-thre_n_518325/RK=2/RS=UAoTMGx.c7dCCex.TmRA5dp99xc-","Sarah Palin Endorses Three Iraq War Veterans For Congress","null","","05/30/2010 05:12 am ET","In a post on her Facebook page, Palin highlighted candidates:"
"1571523684-1520","https://search.huffpost.com/search;_ylt=Awr9Eemyi6tdeSkAmkNsBmVH;_ylc=X1MDMTE5NzgwMzExNgRfcgMyBGZyA2h1ZmZwb3N0BGdwcmlkA0w5dUU3RzB5UWIyeklWOG5KZjJoZ0EEbl9yc2x0AzAEbl9zdWdnAzEwBG9yaWdpbgNzZWFyY2guaHVmZnBvc3QuY29tBHBvcwMwBHBxc3RyAwRwcXN0cmwDMARxc3RybAMxMQRxdWVyeQNzYXJhaCUyMHBhbGluBHRfc3RtcAMxNTcxNTIzNjU0?p=sarah+palin&fr2=sb-top&fr=huffpost","","","Sarah Palin On Oil Spill: Send In Dutch Dike Builders (VIDEO)","https://search.huffpost.com/click/_ylt=Awr9KRhNjKtdyU4APslsBmVH;_ylu=X3oDMTByNWU4cGh1BGNvbG8DZ3ExBHBvcwMxBHZ0aWQDBHNlYwNzYw--/RV=2/RE=1571552461/RO=10/RU=https%3a%2f%2fwww.huffpost.com%2fentry%2fsarah-palin-on-oil-spill_n_614299/RK=2/RS=go3AeYJK.DYBU.BPY2blEpLjMHc-","Sarah Palin On Oil Spill: Send In Dutch Dike Builders (VIDEO)","null","","06/16/2010 01:16 pm ET","In late May, the administration accepted Mexico’s offer of two skimmers and 13,779 feet of boom; a Dutch offer of three sets of Koseq sweeping arms, which attach to the sides of ships and gather oil; and eight skimming systems offered by Norway."
"1571523701-1538","https://search.huffpost.com/search;_ylt=Awr9Eemyi6tdeSkAmkNsBmVH;_ylc=X1MDMTE5NzgwMzExNgRfcgMyBGZyA2h1ZmZwb3N0BGdwcmlkA0w5dUU3RzB5UWIyeklWOG5KZjJoZ0EEbl9yc2x0AzAEbl9zdWdnAzEwBG9yaWdpbgNzZWFyY2guaHVmZnBvc3QuY29tBHBvcwMwBHBxc3RyAwRwcXN0cmwDMARxc3RybAMxMQRxdWVyeQNzYXJhaCUyMHBhbGluBHRfc3RtcAMxNTcxNTIzNjU0?p=sarah+palin&fr2=sb-top&fr=huffpost","","","Sarah Palin's Lawsuit Against The New York Times Can Move Forward, Court Rules","https://search.huffpost.com/click/_ylt=Awr9KRhNjKtdyU4AOMlsBmVH;_ylu=X3oDMTByNWU4cGh1BGNvbG8DZ3ExBHBvcwMxBHZ0aWQDBHNlYwNzYw--/RV=2/RE=1571552461/RO=10/RU=https%3a%2f%2fwww.huffpost.com%2fentry%2fsarah-palin-new-york-times-lawsuit_n_5d49b07de4b0d291ed07a34d/RK=2/RS=4wyAJEjirLXRcm7EppvdSMuVnXc-","Sarah Palin’s Lawsuit Against The New York Times Can Move Forward, Court Rules","A federal appeals court has revived the suit after a lower court dismissed it in 2017.","","08/06/2019 02:21 pm ET","A three-judge panel of the 2nd U.S. Circuit Court of Appeals ruled Tuesday that Palin’s suit against the Times “plausibly states a claim for defamation and may proceed to full discovery,” according to NPR."
"1571523707-1553","https://search.huffpost.com/search;_ylt=Awr9Eemyi6tdeSkAmkNsBmVH;_ylc=X1MDMTE5NzgwMzExNgRfcgMyBGZyA2h1ZmZwb3N0BGdwcmlkA0w5dUU3RzB5UWIyeklWOG5KZjJoZ0EEbl9yc2x0AzAEbl9zdWdnAzEwBG9yaWdpbgNzZWFyY2guaHVmZnBvc3QuY29tBHBvcwMwBHBxc3RyAwRwcXN0cmwDMARxc3RybAMxMQRxdWVyeQNzYXJhaCUyMHBhbGluBHRfc3RtcAMxNTcxNTIzNjU0?p=sarah+palin&fr2=sb-top&fr=huffpost","","","Sarah Palin Once Joked Her Marriage Was Doomed To Fail","https://search.huffpost.com/click/_ylt=Awr9KRhNjKtdyU4ANslsBmVH;_ylu=X3oDMTByNWU4cGh1BGNvbG8DZ3ExBHBvcwMxBHZ0aWQDBHNlYwNzYw--/RV=2/RE=1571552461/RO=10/RU=https%3a%2f%2fwww.huffpost.com%2fentry%2fsarah-palin-joked-about-divorce-todd-palin_n_5d76bed9e4b0fde50c2b7e10/RK=2/RS=Lx.N41IS11AalyCvRJ38ztkf7zU-","Sarah Palin Once Joked Her Marriage Was Doomed To Fail","Records released in 2012 by Alaska officials revealed the former governor and vice presidential candidate once quipped about the possibility in an email.","","09/09/2019 06:39 pm ET","“VERY funny,” Bailey replied, indicating the remark was made in jest."
"1571523707-1550","https://search.huffpost.com/search;_ylt=Awr9Eemyi6tdeSkAmkNsBmVH;_ylc=X1MDMTE5NzgwMzExNgRfcgMyBGZyA2h1ZmZwb3N0BGdwcmlkA0w5dUU3RzB5UWIyeklWOG5KZjJoZ0EEbl9yc2x0AzAEbl9zdWdnAzEwBG9yaWdpbgNzZWFyY2guaHVmZnBvc3QuY29tBHBvcwMwBHBxc3RyAwRwcXN0cmwDMARxc3RybAMxMQRxdWVyeQNzYXJhaCUyMHBhbGluBHRfc3RtcAMxNTcxNTIzNjU0?p=sarah+palin&fr2=sb-top&fr=huffpost","","","Sarah Palin Once Joked Her Marriage Was Doomed To Fail","https://search.huffpost.com/click/_ylt=Awr9KRhNjKtdyU4ANslsBmVH;_ylu=X3oDMTByNWU4cGh1BGNvbG8DZ3ExBHBvcwMxBHZ0aWQDBHNlYwNzYw--/RV=2/RE=1571552461/RO=10/RU=https%3a%2f%2fwww.huffpost.com%2fentry%2fsarah-palin-joked-about-divorce-todd-palin_n_5d76bed9e4b0fde50c2b7e10/RK=2/RS=Lx.N41IS11AalyCvRJ38ztkf7zU-","Sarah Palin Once Joked Her Marriage Was Doomed To Fail","Records released in 2012 by Alaska officials revealed the former governor and vice presidential candidate once quipped about the possibility in an email.","","09/09/2019 06:39 pm ET","The apparent quip came to light in February 2012 when a trove of 17,000 records was released by state officials in response to a Freedom of Information Act request."
"1571523707-1557","https://search.huffpost.com/search;_ylt=Awr9Eemyi6tdeSkAmkNsBmVH;_ylc=X1MDMTE5NzgwMzExNgRfcgMyBGZyA2h1ZmZwb3N0BGdwcmlkA0w5dUU3RzB5UWIyeklWOG5KZjJoZ0EEbl9yc2x0AzAEbl9zdWdnAzEwBG9yaWdpbgNzZWFyY2guaHVmZnBvc3QuY29tBHBvcwMwBHBxc3RyAwRwcXN0cmwDMARxc3RybAMxMQRxdWVyeQNzYXJhaCUyMHBhbGluBHRfc3RtcAMxNTcxNTIzNjU0?p=sarah+palin&fr2=sb-top&fr=huffpost","","","Sarah Palin Once Joked Her Marriage Was Doomed To Fail","https://search.huffpost.com/click/_ylt=Awr9KRhNjKtdyU4ANslsBmVH;_ylu=X3oDMTByNWU4cGh1BGNvbG8DZ3ExBHBvcwMxBHZ0aWQDBHNlYwNzYw--/RV=2/RE=1571552461/RO=10/RU=https%3a%2f%2fwww.huffpost.com%2fentry%2fsarah-palin-joked-about-divorce-todd-palin_n_5d76bed9e4b0fde50c2b7e10/RK=2/RS=Lx.N41IS11AalyCvRJ38ztkf7zU-","Sarah Palin Once Joked Her Marriage Was Doomed To Fail","Records released in 2012 by Alaska officials revealed the former governor and vice presidential candidate once quipped about the possibility in an email.","","09/09/2019 06:39 pm ET","CORRECTION: A previous version of this article mistakenly stated that Todd Palin was once Sarah Palin’s aide. He was not."
"1571523713-1567","https://search.huffpost.com/search;_ylt=Awr9Eemyi6tdeSkAmkNsBmVH;_ylc=X1MDMTE5NzgwMzExNgRfcgMyBGZyA2h1ZmZwb3N0BGdwcmlkA0w5dUU3RzB5UWIyeklWOG5KZjJoZ0EEbl9yc2x0AzAEbl9zdWdnAzEwBG9yaWdpbgNzZWFyY2guaHVmZnBvc3QuY29tBHBvcwMwBHBxc3RyAwRwcXN0cmwDMARxc3RybAMxMQRxdWVyeQNzYXJhaCUyMHBhbGluBHRfc3RtcAMxNTcxNTIzNjU0?p=sarah+palin&fr2=sb-top&fr=huffpost","","","Todd Palin Reportedly Files For Divorce From Sarah Palin","https://search.huffpost.com/click/_ylt=Awr9KRhNjKtdyU4ANMlsBmVH;_ylu=X3oDMTByNWU4cGh1BGNvbG8DZ3ExBHBvcwMxBHZ0aWQDBHNlYwNzYw--/RV=2/RE=1571552461/RO=10/RU=https%3a%2f%2fwww.huffpost.com%2fentry%2fsarah-palin-todd-palin-divorce_n_5d76a762e4b0fde50c2b4462/RK=2/RS=Pt3R1bkSZ1RR.QYt3TNY5VALSqE-","Todd Palin Reportedly Files For Divorce From Sarah Palin","The couple has been married for 31 years.","","09/09/2019 04:35 pm ET","Both of the Palins are 55 years old."
"1571523674-1499","https://search.huffpost.com/search;_ylt=Awr9Eemyi6tdeSkAmkNsBmVH;_ylc=X1MDMTE5NzgwMzExNgRfcgMyBGZyA2h1ZmZwb3N0BGdwcmlkA0w5dUU3RzB5UWIyeklWOG5KZjJoZ0EEbl9yc2x0AzAEbl9zdWdnAzEwBG9yaWdpbgNzZWFyY2guaHVmZnBvc3QuY29tBHBvcwMwBHBxc3RyAwRwcXN0cmwDMARxc3RybAMxMQRxdWVyeQNzYXJhaCUyMHBhbGluBHRfc3RtcAMxNTcxNTIzNjU0?p=sarah+palin&fr2=sb-top&fr=huffpost","","","Sarah Palin: Donald Trump Being 'Treated Really Unfairly'","https://search.huffpost.com/click/_ylt=Awr9KRhNjKtdyU4AQslsBmVH;_ylu=X3oDMTByNWU4cGh1BGNvbG8DZ3ExBHBvcwMxBHZ0aWQDBHNlYwNzYw--/RV=2/RE=1571552461/RO=10/RU=https%3a%2f%2fwww.huffpost.com%2fentry%2fsarah-palin-donald-trump_n_851446/RK=2/RS=HkmZ_L30kJSAJ6dQmHN7stJ69H4-","Sarah Palin: Donald Trump Being ‘Treated Really Unfairly’ (VIDEO)","null","","04/20/2011 10:35 am ET","It’s not the first time that Palin has voiced support for Trump amid criticism surrounding his potential candidacy for the White House. During a recent appearance on Fox News, the former governor made similar remarks."
"1571523684-1514","https://search.huffpost.com/search;_ylt=Awr9Eemyi6tdeSkAmkNsBmVH;_ylc=X1MDMTE5NzgwMzExNgRfcgMyBGZyA2h1ZmZwb3N0BGdwcmlkA0w5dUU3RzB5UWIyeklWOG5KZjJoZ0EEbl9yc2x0AzAEbl9zdWdnAzEwBG9yaWdpbgNzZWFyY2guaHVmZnBvc3QuY29tBHBvcwMwBHBxc3RyAwRwcXN0cmwDMARxc3RybAMxMQRxdWVyeQNzYXJhaCUyMHBhbGluBHRfc3RtcAMxNTcxNTIzNjU0?p=sarah+palin&fr2=sb-top&fr=huffpost","","","Sarah Palin On Oil Spill: Send In Dutch Dike Builders (VIDEO)","https://search.huffpost.com/click/_ylt=Awr9KRhNjKtdyU4APslsBmVH;_ylu=X3oDMTByNWU4cGh1BGNvbG8DZ3ExBHBvcwMxBHZ0aWQDBHNlYwNzYw--/RV=2/RE=1571552461/RO=10/RU=https%3a%2f%2fwww.huffpost.com%2fentry%2fsarah-palin-on-oil-spill_n_614299/RK=2/RS=go3AeYJK.DYBU.BPY2blEpLjMHc-","Sarah Palin On Oil Spill: Send In Dutch Dike Builders (VIDEO)","null","Nick Wing","06/16/2010 01:16 pm ET",""
"1571523696-1530","https://search.huffpost.com/search;_ylt=Awr9Eemyi6tdeSkAmkNsBmVH;_ylc=X1MDMTE5NzgwMzExNgRfcgMyBGZyA2h1ZmZwb3N0BGdwcmlkA0w5dUU3RzB5UWIyeklWOG5KZjJoZ0EEbl9yc2x0AzAEbl9zdWdnAzEwBG9yaWdpbgNzZWFyY2guaHVmZnBvc3QuY29tBHBvcwMwBHBxc3RyAwRwcXN0cmwDMARxc3RybAMxMQRxdWVyeQNzYXJhaCUyMHBhbGluBHRfc3RtcAMxNTcxNTIzNjU0?p=sarah+palin&fr2=sb-top&fr=huffpost","","","Sarah Palin Says McCain's Regrets About Her Are A 'Perpetual Gut-Punch'","https://search.huffpost.com/click/_ylt=Awr9KRhNjKtdyU4AOslsBmVH;_ylu=X3oDMTByNWU4cGh1BGNvbG8DZ3ExBHBvcwMxBHZ0aWQDBHNlYwNzYw--/RV=2/RE=1571552461/RO=10/RU=https%3a%2f%2fwww.huffpost.com%2fentry%2fsarah-palin-john-mccain-regrets_n_5af56b23e4b00d7e4c1998d2/RK=2/RS=E6Whyf4h372pEya2VxIqO1PW5NE-","Sarah Palin Says McCain’s Regrets About Her Are A ‘Perpetual Gut-Punch’","Sen. John McCain (R-Ariz.) reportedly wishes he’d chosen Joe Lieberman as his 2008 running mate.","","05/11/2018 07:58 am ET","Former Alaska Gov. Sarah Palin (R) said it’s a “perpetual gut punch” to hear reports that Sen. John McCain (R-Ariz.) now regrets picking her as his 2008 presidential running mate."
"1571523684-1515","https://search.huffpost.com/search;_ylt=Awr9Eemyi6tdeSkAmkNsBmVH;_ylc=X1MDMTE5NzgwMzExNgRfcgMyBGZyA2h1ZmZwb3N0BGdwcmlkA0w5dUU3RzB5UWIyeklWOG5KZjJoZ0EEbl9yc2x0AzAEbl9zdWdnAzEwBG9yaWdpbgNzZWFyY2guaHVmZnBvc3QuY29tBHBvcwMwBHBxc3RyAwRwcXN0cmwDMARxc3RybAMxMQRxdWVyeQNzYXJhaCUyMHBhbGluBHRfc3RtcAMxNTcxNTIzNjU0?p=sarah+palin&fr2=sb-top&fr=huffpost","","","Sarah Palin On Oil Spill: Send In Dutch Dike Builders (VIDEO)","https://search.huffpost.com/click/_ylt=Awr9KRhNjKtdyU4APslsBmVH;_ylu=X3oDMTByNWU4cGh1BGNvbG8DZ3ExBHBvcwMxBHZ0aWQDBHNlYwNzYw--/RV=2/RE=1571552461/RO=10/RU=https%3a%2f%2fwww.huffpost.com%2fentry%2fsarah-palin-on-oil-spill_n_614299/RK=2/RS=go3AeYJK.DYBU.BPY2blEpLjMHc-","Sarah Palin On Oil Spill: Send In Dutch Dike Builders (VIDEO)","null","","06/16/2010 01:16 pm ET","Sarah Palin shared her frustration with the Obama Administration’s handling of the ongoing environmental catastrophe in the Gulf with Bill O’Reilly on Fox News Tuesday night, and slammed the White House for not looking further afield for help."
"1571523684-1516","https://search.huffpost.com/search;_ylt=Awr9Eemyi6tdeSkAmkNsBmVH;_ylc=X1MDMTE5NzgwMzExNgRfcgMyBGZyA2h1ZmZwb3N0BGdwcmlkA0w5dUU3RzB5UWIyeklWOG5KZjJoZ0EEbl9yc2x0AzAEbl9zdWdnAzEwBG9yaWdpbgNzZWFyY2guaHVmZnBvc3QuY29tBHBvcwMwBHBxc3RyAwRwcXN0cmwDMARxc3RybAMxMQRxdWVyeQNzYXJhaCUyMHBhbGluBHRfc3RtcAMxNTcxNTIzNjU0?p=sarah+palin&fr2=sb-top&fr=huffpost","","","Sarah Palin On Oil Spill: Send In Dutch Dike Builders (VIDEO)","https://search.huffpost.com/click/_ylt=Awr9KRhNjKtdyU4APslsBmVH;_ylu=X3oDMTByNWU4cGh1BGNvbG8DZ3ExBHBvcwMxBHZ0aWQDBHNlYwNzYw--/RV=2/RE=1571552461/RO=10/RU=https%3a%2f%2fwww.huffpost.com%2fentry%2fsarah-palin-on-oil-spill_n_614299/RK=2/RS=go3AeYJK.DYBU.BPY2blEpLjMHc-","Sarah Palin On Oil Spill: Send In Dutch Dike Builders (VIDEO)","null","","06/16/2010 01:16 pm ET","“What the federal government should have done is accept the assistance of foreign countries, of entrepreneurial Americans who have had solution that they wanted presented. They can’t even get a phone call returned, Bill,” Palin said, shaking her head."
"1571523669-1488","https://search.huffpost.com/search;_ylt=Awr9Eemyi6tdeSkAmkNsBmVH;_ylc=X1MDMTE5NzgwMzExNgRfcgMyBGZyA2h1ZmZwb3N0BGdwcmlkA0w5dUU3RzB5UWIyeklWOG5KZjJoZ0EEbl9yc2x0AzAEbl9zdWdnAzEwBG9yaWdpbgNzZWFyY2guaHVmZnBvc3QuY29tBHBvcwMwBHBxc3RyAwRwcXN0cmwDMARxc3RybAMxMQRxdWVyeQNzYXJhaCUyMHBhbGluBHRfc3RtcAMxNTcxNTIzNjU0?p=sarah+palin&fr2=sb-top&fr=huffpost","","","Tina Fey's Sarah Palin Leads 'SNL' Chorus Lamenting 'What I Did For Trump'","https://search.huffpost.com/click/_ylt=Awr9KRhNjKtdyU4ARMlsBmVH;_ylu=X3oDMTByNWU4cGh1BGNvbG8DZ3ExBHBvcwMxBHZ0aWQDBHNlYwNzYw--/RV=2/RE=1571552461/RO=10/RU=https%3a%2f%2fwww.huffpost.com%2fentry%2ftina-feys-sarah-palin-leads-what-i-did-for-trump_n_5b012000e4b0a046186caec6/RK=2/RS=2z7GGmi88oOtPnKDrM0_0tL_B1Y-","Tina Fey’s Sarah Palin Leads ‘SNL’ Chorus Lamenting ‘What I Did For Trump’","John Goodman’s Tillerson croons: “Don’t forget I regret what I did for Trump.”","Mary Papenfuss","05/20/2018 04:10 am ET",""
"1571523696-1535","https://search.huffpost.com/search;_ylt=Awr9Eemyi6tdeSkAmkNsBmVH;_ylc=X1MDMTE5NzgwMzExNgRfcgMyBGZyA2h1ZmZwb3N0BGdwcmlkA0w5dUU3RzB5UWIyeklWOG5KZjJoZ0EEbl9yc2x0AzAEbl9zdWdnAzEwBG9yaWdpbgNzZWFyY2guaHVmZnBvc3QuY29tBHBvcwMwBHBxc3RyAwRwcXN0cmwDMARxc3RybAMxMQRxdWVyeQNzYXJhaCUyMHBhbGluBHRfc3RtcAMxNTcxNTIzNjU0?p=sarah+palin&fr2=sb-top&fr=huffpost","","","Sarah Palin Says McCain's Regrets About Her Are A 'Perpetual Gut-Punch'","https://search.huffpost.com/click/_ylt=Awr9KRhNjKtdyU4AOslsBmVH;_ylu=X3oDMTByNWU4cGh1BGNvbG8DZ3ExBHBvcwMxBHZ0aWQDBHNlYwNzYw--/RV=2/RE=1571552461/RO=10/RU=https%3a%2f%2fwww.huffpost.com%2fentry%2fsarah-palin-john-mccain-regrets_n_5af56b23e4b00d7e4c1998d2/RK=2/RS=E6Whyf4h372pEya2VxIqO1PW5NE-","Sarah Palin Says McCain’s Regrets About Her Are A ‘Perpetual Gut-Punch’","Sen. John McCain (R-Ariz.) reportedly wishes he’d chosen Joe Lieberman as his 2008 running mate.","","05/11/2018 07:58 am ET","McCain, 81, is ailing from brain cancer and has been reflecting on his career and the state of politics. He reportedly asked that President Donald Trump not attend his funeral and has implored former Vice President Joe Biden to not quit politics."
"1571523679-1513","https://search.huffpost.com/search;_ylt=Awr9Eemyi6tdeSkAmkNsBmVH;_ylc=X1MDMTE5NzgwMzExNgRfcgMyBGZyA2h1ZmZwb3N0BGdwcmlkA0w5dUU3RzB5UWIyeklWOG5KZjJoZ0EEbl9yc2x0AzAEbl9zdWdnAzEwBG9yaWdpbgNzZWFyY2guaHVmZnBvc3QuY29tBHBvcwMwBHBxc3RyAwRwcXN0cmwDMARxc3RybAMxMQRxdWVyeQNzYXJhaCUyMHBhbGluBHRfc3RtcAMxNTcxNTIzNjU0?p=sarah+palin&fr2=sb-top&fr=huffpost","","","Sarah Palin Ups Her 2014 Game, Endorses In Competitive GOP Senate Primary","https://search.huffpost.com/click/_ylt=Awr9KRhNjKtdyU4AQMlsBmVH;_ylu=X3oDMTByNWU4cGh1BGNvbG8DZ3ExBHBvcwMxBHZ0aWQDBHNlYwNzYw--/RV=2/RE=1571552461/RO=10/RU=https%3a%2f%2fwww.huffpost.com%2fentry%2fsarah-palin-tw-shannon_n_4951731/RK=2/RS=P9GM0KJYbrkUfs.PZa1lVQrOOzI-","Sarah Palin Ups Her 2014 Game, Endorses In Competitive GOP Senate Primary","null","","03/12/2014 05:17 pm ET","Oklahoma’s primary is scheduled for June 24."
"1571523662-1486","https://search.huffpost.com/search;_ylt=Awr9Eemyi6tdeSkAmkNsBmVH;_ylc=X1MDMTE5NzgwMzExNgRfcgMyBGZyA2h1ZmZwb3N0BGdwcmlkA0w5dUU3RzB5UWIyeklWOG5KZjJoZ0EEbl9yc2x0AzAEbl9zdWdnAzEwBG9yaWdpbgNzZWFyY2guaHVmZnBvc3QuY29tBHBvcwMwBHBxc3RyAwRwcXN0cmwDMARxc3RybAMxMQRxdWVyeQNzYXJhaCUyMHBhbGluBHRfc3RtcAMxNTcxNTIzNjU0?p=sarah+palin&fr2=sb-top&fr=huffpost","4","https://search.huffpost.com/search;_ylt=Awr9KRhNjKtdyU4AUMlsBmVH;_ylu=X3oDMTEza3NiY3RnBGNvbG8DZ3ExBHBvcwMxBHZ0aWQDBHNlYwNwYWdpbmF0aW9u?p=sarah+palin&fr=huffpost&fr2=sb-top&b=31&pz=10&bct=0&xargs=0","","","","","","",""
"1571523707-1555","https://search.huffpost.com/search;_ylt=Awr9Eemyi6tdeSkAmkNsBmVH;_ylc=X1MDMTE5NzgwMzExNgRfcgMyBGZyA2h1ZmZwb3N0BGdwcmlkA0w5dUU3RzB5UWIyeklWOG5KZjJoZ0EEbl9yc2x0AzAEbl9zdWdnAzEwBG9yaWdpbgNzZWFyY2guaHVmZnBvc3QuY29tBHBvcwMwBHBxc3RyAwRwcXN0cmwDMARxc3RybAMxMQRxdWVyeQNzYXJhaCUyMHBhbGluBHRfc3RtcAMxNTcxNTIzNjU0?p=sarah+palin&fr2=sb-top&fr=huffpost","","","Sarah Palin Once Joked Her Marriage Was Doomed To Fail","https://search.huffpost.com/click/_ylt=Awr9KRhNjKtdyU4ANslsBmVH;_ylu=X3oDMTByNWU4cGh1BGNvbG8DZ3ExBHBvcwMxBHZ0aWQDBHNlYwNzYw--/RV=2/RE=1571552461/RO=10/RU=https%3a%2f%2fwww.huffpost.com%2fentry%2fsarah-palin-joked-about-divorce-todd-palin_n_5d76bed9e4b0fde50c2b7e10/RK=2/RS=Lx.N41IS11AalyCvRJ38ztkf7zU-","Sarah Palin Once Joked Her Marriage Was Doomed To Fail","Records released in 2012 by Alaska officials revealed the former governor and vice presidential candidate once quipped about the possibility in an email.","","09/09/2019 06:39 pm ET","However, according to the Anchorage Daily News, Todd Palin filed for divorce on Friday, pointing to an “incompatibility of temperament between the parties such that they find it impossible to live together as husband and wife.”"
"1571523701-1536","https://search.huffpost.com/search;_ylt=Awr9Eemyi6tdeSkAmkNsBmVH;_ylc=X1MDMTE5NzgwMzExNgRfcgMyBGZyA2h1ZmZwb3N0BGdwcmlkA0w5dUU3RzB5UWIyeklWOG5KZjJoZ0EEbl9yc2x0AzAEbl9zdWdnAzEwBG9yaWdpbgNzZWFyY2guaHVmZnBvc3QuY29tBHBvcwMwBHBxc3RyAwRwcXN0cmwDMARxc3RybAMxMQRxdWVyeQNzYXJhaCUyMHBhbGluBHRfc3RtcAMxNTcxNTIzNjU0?p=sarah+palin&fr2=sb-top&fr=huffpost","","","Sarah Palin's Lawsuit Against The New York Times Can Move Forward, Court Rules","https://search.huffpost.com/click/_ylt=Awr9KRhNjKtdyU4AOMlsBmVH;_ylu=X3oDMTByNWU4cGh1BGNvbG8DZ3ExBHBvcwMxBHZ0aWQDBHNlYwNzYw--/RV=2/RE=1571552461/RO=10/RU=https%3a%2f%2fwww.huffpost.com%2fentry%2fsarah-palin-new-york-times-lawsuit_n_5d49b07de4b0d291ed07a34d/RK=2/RS=4wyAJEjirLXRcm7EppvdSMuVnXc-","Sarah Palin’s Lawsuit Against The New York Times Can Move Forward, Court Rules","A federal appeals court has revived the suit after a lower court dismissed it in 2017.","Antonia Blumberg","08/06/2019 02:21 pm ET",""
"1571523674-1498","https://search.huffpost.com/search;_ylt=Awr9Eemyi6tdeSkAmkNsBmVH;_ylc=X1MDMTE5NzgwMzExNgRfcgMyBGZyA2h1ZmZwb3N0BGdwcmlkA0w5dUU3RzB5UWIyeklWOG5KZjJoZ0EEbl9yc2x0AzAEbl9zdWdnAzEwBG9yaWdpbgNzZWFyY2guaHVmZnBvc3QuY29tBHBvcwMwBHBxc3RyAwRwcXN0cmwDMARxc3RybAMxMQRxdWVyeQNzYXJhaCUyMHBhbGluBHRfc3RtcAMxNTcxNTIzNjU0?p=sarah+palin&fr2=sb-top&fr=huffpost","","","Sarah Palin: Donald Trump Being 'Treated Really Unfairly'","https://search.huffpost.com/click/_ylt=Awr9KRhNjKtdyU4AQslsBmVH;_ylu=X3oDMTByNWU4cGh1BGNvbG8DZ3ExBHBvcwMxBHZ0aWQDBHNlYwNzYw--/RV=2/RE=1571552461/RO=10/RU=https%3a%2f%2fwww.huffpost.com%2fentry%2fsarah-palin-donald-trump_n_851446/RK=2/RS=HkmZ_L30kJSAJ6dQmHN7stJ69H4-","Sarah Palin: Donald Trump Being ‘Treated Really Unfairly’ (VIDEO)","null","","04/20/2011 10:35 am ET","She asserted that Trump is “running” on the birther issue and that, “bottom line,” the president “is so far over his head.”"
"1571523701-1543","https://search.huffpost.com/search;_ylt=Awr9Eemyi6tdeSkAmkNsBmVH;_ylc=X1MDMTE5NzgwMzExNgRfcgMyBGZyA2h1ZmZwb3N0BGdwcmlkA0w5dUU3RzB5UWIyeklWOG5KZjJoZ0EEbl9yc2x0AzAEbl9zdWdnAzEwBG9yaWdpbgNzZWFyY2guaHVmZnBvc3QuY29tBHBvcwMwBHBxc3RyAwRwcXN0cmwDMARxc3RybAMxMQRxdWVyeQNzYXJhaCUyMHBhbGluBHRfc3RtcAMxNTcxNTIzNjU0?p=sarah+palin&fr2=sb-top&fr=huffpost","","","Sarah Palin's Lawsuit Against The New York Times Can Move Forward, Court Rules","https://search.huffpost.com/click/_ylt=Awr9KRhNjKtdyU4AOMlsBmVH;_ylu=X3oDMTByNWU4cGh1BGNvbG8DZ3ExBHBvcwMxBHZ0aWQDBHNlYwNzYw--/RV=2/RE=1571552461/RO=10/RU=https%3a%2f%2fwww.huffpost.com%2fentry%2fsarah-palin-new-york-times-lawsuit_n_5d49b07de4b0d291ed07a34d/RK=2/RS=4wyAJEjirLXRcm7EppvdSMuVnXc-","Sarah Palin’s Lawsuit Against The New York Times Can Move Forward, Court Rules","A federal appeals court has revived the suit after a lower court dismissed it in 2017.","","08/06/2019 02:21 pm ET","Palin’s lawyers filed a complaint later that month, alleging that the initial editorial defamed her “by publishing a statement it knew to be false: that Mrs. Palin was responsible for inciting a mass shooting at a political event.”"
"1571523674-1500","https://search.huffpost.com/search;_ylt=Awr9Eemyi6tdeSkAmkNsBmVH;_ylc=X1MDMTE5NzgwMzExNgRfcgMyBGZyA2h1ZmZwb3N0BGdwcmlkA0w5dUU3RzB5UWIyeklWOG5KZjJoZ0EEbl9yc2x0AzAEbl9zdWdnAzEwBG9yaWdpbgNzZWFyY2guaHVmZnBvc3QuY29tBHBvcwMwBHBxc3RyAwRwcXN0cmwDMARxc3RybAMxMQRxdWVyeQNzYXJhaCUyMHBhbGluBHRfc3RtcAMxNTcxNTIzNjU0?p=sarah+palin&fr2=sb-top&fr=huffpost","","","Sarah Palin: Donald Trump Being 'Treated Really Unfairly'","https://search.huffpost.com/click/_ylt=Awr9KRhNjKtdyU4AQslsBmVH;_ylu=X3oDMTByNWU4cGh1BGNvbG8DZ3ExBHBvcwMxBHZ0aWQDBHNlYwNzYw--/RV=2/RE=1571552461/RO=10/RU=https%3a%2f%2fwww.huffpost.com%2fentry%2fsarah-palin-donald-trump_n_851446/RK=2/RS=HkmZ_L30kJSAJ6dQmHN7stJ69H4-","Sarah Palin: Donald Trump Being ‘Treated Really Unfairly’ (VIDEO)","null","","04/20/2011 10:35 am ET","“Well, I appreciate that the Donald wants to spend his resources in getting to the bottom of something that so interests him and many Americans, you know, more power to him,” she said presumably referring to an indication made by Trump last week that he has investigators on the ground in Hawaii searching for information on the president’s birthplace."
"1571523662-1487","https://search.huffpost.com/search;_ylt=Awr9Eemyi6tdeSkAmkNsBmVH;_ylc=X1MDMTE5NzgwMzExNgRfcgMyBGZyA2h1ZmZwb3N0BGdwcmlkA0w5dUU3RzB5UWIyeklWOG5KZjJoZ0EEbl9yc2x0AzAEbl9zdWdnAzEwBG9yaWdpbgNzZWFyY2guaHVmZnBvc3QuY29tBHBvcwMwBHBxc3RyAwRwcXN0cmwDMARxc3RybAMxMQRxdWVyeQNzYXJhaCUyMHBhbGluBHRfc3RtcAMxNTcxNTIzNjU0?p=sarah+palin&fr2=sb-top&fr=huffpost","5","https://search.huffpost.com/search;_ylt=Awr9KRhNjKtdyU4AUclsBmVH;_ylu=X3oDMTEza3NiY3RnBGNvbG8DZ3ExBHBvcwMxBHZ0aWQDBHNlYwNwYWdpbmF0aW9u?p=sarah+palin&fr=huffpost&fr2=sb-top&b=41&pz=10&bct=0&xargs=0","","","","","","",""
"1571523669-1491","https://search.huffpost.com/search;_ylt=Awr9Eemyi6tdeSkAmkNsBmVH;_ylc=X1MDMTE5NzgwMzExNgRfcgMyBGZyA2h1ZmZwb3N0BGdwcmlkA0w5dUU3RzB5UWIyeklWOG5KZjJoZ0EEbl9yc2x0AzAEbl9zdWdnAzEwBG9yaWdpbgNzZWFyY2guaHVmZnBvc3QuY29tBHBvcwMwBHBxc3RyAwRwcXN0cmwDMARxc3RybAMxMQRxdWVyeQNzYXJhaCUyMHBhbGluBHRfc3RtcAMxNTcxNTIzNjU0?p=sarah+palin&fr2=sb-top&fr=huffpost","","","Tina Fey's Sarah Palin Leads 'SNL' Chorus Lamenting 'What I Did For Trump'","https://search.huffpost.com/click/_ylt=Awr9KRhNjKtdyU4ARMlsBmVH;_ylu=X3oDMTByNWU4cGh1BGNvbG8DZ3ExBHBvcwMxBHZ0aWQDBHNlYwNzYw--/RV=2/RE=1571552461/RO=10/RU=https%3a%2f%2fwww.huffpost.com%2fentry%2ftina-feys-sarah-palin-leads-what-i-did-for-trump_n_5b012000e4b0a046186caec6/RK=2/RS=2z7GGmi88oOtPnKDrM0_0tL_B1Y-","Tina Fey’s Sarah Palin Leads ‘SNL’ Chorus Lamenting ‘What I Did For Trump’","John Goodman’s Tillerson croons: “Don’t forget I regret what I did for Trump.”","","05/20/2018 04:10 am ET","That was her cue to launch into song to the tune of “What I Did For Love,” from “A Chorus Line.” Fey sang: “Kiss today goodbye, the sweetness and the sorrow ...”"
"1571523674-1503","https://search.huffpost.com/search;_ylt=Awr9Eemyi6tdeSkAmkNsBmVH;_ylc=X1MDMTE5NzgwMzExNgRfcgMyBGZyA2h1ZmZwb3N0BGdwcmlkA0w5dUU3RzB5UWIyeklWOG5KZjJoZ0EEbl9yc2x0AzAEbl9zdWdnAzEwBG9yaWdpbgNzZWFyY2guaHVmZnBvc3QuY29tBHBvcwMwBHBxc3RyAwRwcXN0cmwDMARxc3RybAMxMQRxdWVyeQNzYXJhaCUyMHBhbGluBHRfc3RtcAMxNTcxNTIzNjU0?p=sarah+palin&fr2=sb-top&fr=huffpost","","","Sarah Palin: Donald Trump Being 'Treated Really Unfairly'","https://search.huffpost.com/click/_ylt=Awr9KRhNjKtdyU4AQslsBmVH;_ylu=X3oDMTByNWU4cGh1BGNvbG8DZ3ExBHBvcwMxBHZ0aWQDBHNlYwNzYw--/RV=2/RE=1571552461/RO=10/RU=https%3a%2f%2fwww.huffpost.com%2fentry%2fsarah-palin-donald-trump_n_851446/RK=2/RS=HkmZ_L30kJSAJ6dQmHN7stJ69H4-","Sarah Palin: Donald Trump Being ‘Treated Really Unfairly’ (VIDEO)","null","","04/20/2011 10:35 am ET","“I’ve never really run for anything conventionally over the last couple of decades,” she explained, adding, “I’ve jumped in and done it when I’ve known that it is the right thing.”"
"1571523669-1489","https://search.huffpost.com/search;_ylt=Awr9Eemyi6tdeSkAmkNsBmVH;_ylc=X1MDMTE5NzgwMzExNgRfcgMyBGZyA2h1ZmZwb3N0BGdwcmlkA0w5dUU3RzB5UWIyeklWOG5KZjJoZ0EEbl9yc2x0AzAEbl9zdWdnAzEwBG9yaWdpbgNzZWFyY2guaHVmZnBvc3QuY29tBHBvcwMwBHBxc3RyAwRwcXN0cmwDMARxc3RybAMxMQRxdWVyeQNzYXJhaCUyMHBhbGluBHRfc3RtcAMxNTcxNTIzNjU0?p=sarah+palin&fr2=sb-top&fr=huffpost","","","Tina Fey's Sarah Palin Leads 'SNL' Chorus Lamenting 'What I Did For Trump'","https://search.huffpost.com/click/_ylt=Awr9KRhNjKtdyU4ARMlsBmVH;_ylu=X3oDMTByNWU4cGh1BGNvbG8DZ3ExBHBvcwMxBHZ0aWQDBHNlYwNzYw--/RV=2/RE=1571552461/RO=10/RU=https%3a%2f%2fwww.huffpost.com%2fentry%2ftina-feys-sarah-palin-leads-what-i-did-for-trump_n_5b012000e4b0a046186caec6/RK=2/RS=2z7GGmi88oOtPnKDrM0_0tL_B1Y-","Tina Fey’s Sarah Palin Leads ‘SNL’ Chorus Lamenting ‘What I Did For Trump’","John Goodman’s Tillerson croons: “Don’t forget I regret what I did for Trump.”","","05/20/2018 04:10 am ET","It’s been a long time coming, but “Sarah Palin” was back on “Saturday Night Live,” thanks to her alter ego, Tina Fey. And she had a message for everyone in Donald Trump’s White House: “Enjoy your moment. Who knows how long it’ll last?”"
"1571523707-1552","https://search.huffpost.com/search;_ylt=Awr9Eemyi6tdeSkAmkNsBmVH;_ylc=X1MDMTE5NzgwMzExNgRfcgMyBGZyA2h1ZmZwb3N0BGdwcmlkA0w5dUU3RzB5UWIyeklWOG5KZjJoZ0EEbl9yc2x0AzAEbl9zdWdnAzEwBG9yaWdpbgNzZWFyY2guaHVmZnBvc3QuY29tBHBvcwMwBHBxc3RyAwRwcXN0cmwDMARxc3RybAMxMQRxdWVyeQNzYXJhaCUyMHBhbGluBHRfc3RtcAMxNTcxNTIzNjU0?p=sarah+palin&fr2=sb-top&fr=huffpost","","","Sarah Palin Once Joked Her Marriage Was Doomed To Fail","https://search.huffpost.com/click/_ylt=Awr9KRhNjKtdyU4ANslsBmVH;_ylu=X3oDMTByNWU4cGh1BGNvbG8DZ3ExBHBvcwMxBHZ0aWQDBHNlYwNzYw--/RV=2/RE=1571552461/RO=10/RU=https%3a%2f%2fwww.huffpost.com%2fentry%2fsarah-palin-joked-about-divorce-todd-palin_n_5d76bed9e4b0fde50c2b7e10/RK=2/RS=Lx.N41IS11AalyCvRJ38ztkf7zU-","Sarah Palin Once Joked Her Marriage Was Doomed To Fail","Records released in 2012 by Alaska officials revealed the former governor and vice presidential candidate once quipped about the possibility in an email.","","09/09/2019 06:39 pm ET","“So speaking of .... If we, er, when we get a divorce, does that quell ‘conflict of interest’ accusations about BP?” she wrote, referring to her husband’s work on the British oil company’s North Pipeline."
"1571523684-1524","https://search.huffpost.com/search;_ylt=Awr9Eemyi6tdeSkAmkNsBmVH;_ylc=X1MDMTE5NzgwMzExNgRfcgMyBGZyA2h1ZmZwb3N0BGdwcmlkA0w5dUU3RzB5UWIyeklWOG5KZjJoZ0EEbl9yc2x0AzAEbl9zdWdnAzEwBG9yaWdpbgNzZWFyY2guaHVmZnBvc3QuY29tBHBvcwMwBHBxc3RyAwRwcXN0cmwDMARxc3RybAMxMQRxdWVyeQNzYXJhaCUyMHBhbGluBHRfc3RtcAMxNTcxNTIzNjU0?p=sarah+palin&fr2=sb-top&fr=huffpost","","","Sarah Palin On Oil Spill: Send In Dutch Dike Builders (VIDEO)","https://search.huffpost.com/click/_ylt=Awr9KRhNjKtdyU4APslsBmVH;_ylu=X3oDMTByNWU4cGh1BGNvbG8DZ3ExBHBvcwMxBHZ0aWQDBHNlYwNzYw--/RV=2/RE=1571552461/RO=10/RU=https%3a%2f%2fwww.huffpost.com%2fentry%2fsarah-palin-on-oil-spill_n_614299/RK=2/RS=go3AeYJK.DYBU.BPY2blEpLjMHc-","Sarah Palin On Oil Spill: Send In Dutch Dike Builders (VIDEO)","null","","06/16/2010 01:16 pm ET","Watch the latest news video at <a href=”http://video.foxnews.com/“>video.foxnews.com</a"
"1571523696-1531","https://search.huffpost.com/search;_ylt=Awr9Eemyi6tdeSkAmkNsBmVH;_ylc=X1MDMTE5NzgwMzExNgRfcgMyBGZyA2h1ZmZwb3N0BGdwcmlkA0w5dUU3RzB5UWIyeklWOG5KZjJoZ0EEbl9yc2x0AzAEbl9zdWdnAzEwBG9yaWdpbgNzZWFyY2guaHVmZnBvc3QuY29tBHBvcwMwBHBxc3RyAwRwcXN0cmwDMARxc3RybAMxMQRxdWVyeQNzYXJhaCUyMHBhbGluBHRfc3RtcAMxNTcxNTIzNjU0?p=sarah+palin&fr2=sb-top&fr=huffpost","","","Sarah Palin Says McCain's Regrets About Her Are A 'Perpetual Gut-Punch'","https://search.huffpost.com/click/_ylt=Awr9KRhNjKtdyU4AOslsBmVH;_ylu=X3oDMTByNWU4cGh1BGNvbG8DZ3ExBHBvcwMxBHZ0aWQDBHNlYwNzYw--/RV=2/RE=1571552461/RO=10/RU=https%3a%2f%2fwww.huffpost.com%2fentry%2fsarah-palin-john-mccain-regrets_n_5af56b23e4b00d7e4c1998d2/RK=2/RS=E6Whyf4h372pEya2VxIqO1PW5NE-","Sarah Palin Says McCain’s Regrets About Her Are A ‘Perpetual Gut-Punch’","Sen. John McCain (R-Ariz.) reportedly wishes he’d chosen Joe Lieberman as his 2008 running mate.","","05/11/2018 07:58 am ET","Palin, in an interview with The Daily Mail published Thursday, said McCain has never expressed any misgivings to her. The ailing senator reportedly makes the admission in his upcoming book and in an HBO documentary, The New York Times reported."
"1571523701-1541","https://search.huffpost.com/search;_ylt=Awr9Eemyi6tdeSkAmkNsBmVH;_ylc=X1MDMTE5NzgwMzExNgRfcgMyBGZyA2h1ZmZwb3N0BGdwcmlkA0w5dUU3RzB5UWIyeklWOG5KZjJoZ0EEbl9yc2x0AzAEbl9zdWdnAzEwBG9yaWdpbgNzZWFyY2guaHVmZnBvc3QuY29tBHBvcwMwBHBxc3RyAwRwcXN0cmwDMARxc3RybAMxMQRxdWVyeQNzYXJhaCUyMHBhbGluBHRfc3RtcAMxNTcxNTIzNjU0?p=sarah+palin&fr2=sb-top&fr=huffpost","","","Sarah Palin's Lawsuit Against The New York Times Can Move Forward, Court Rules","https://search.huffpost.com/click/_ylt=Awr9KRhNjKtdyU4AOMlsBmVH;_ylu=X3oDMTByNWU4cGh1BGNvbG8DZ3ExBHBvcwMxBHZ0aWQDBHNlYwNzYw--/RV=2/RE=1571552461/RO=10/RU=https%3a%2f%2fwww.huffpost.com%2fentry%2fsarah-palin-new-york-times-lawsuit_n_5d49b07de4b0d291ed07a34d/RK=2/RS=4wyAJEjirLXRcm7EppvdSMuVnXc-","Sarah Palin’s Lawsuit Against The New York Times Can Move Forward, Court Rules","A federal appeals court has revived the suit after a lower court dismissed it in 2017.","","08/06/2019 02:21 pm ET","The editorial initially linked activity by Palin’s political action committee to a 2011 shooting in Arizona that killed six people and injured then-Democratic Rep. Gabrielle Giffords and a dozen others. The PAC had previously distributed a map of some Democratic congressional districts — including Giffords’ — with a crosshairs superimposed over it."
"1571523713-1564","https://search.huffpost.com/search;_ylt=Awr9Eemyi6tdeSkAmkNsBmVH;_ylc=X1MDMTE5NzgwMzExNgRfcgMyBGZyA2h1ZmZwb3N0BGdwcmlkA0w5dUU3RzB5UWIyeklWOG5KZjJoZ0EEbl9yc2x0AzAEbl9zdWdnAzEwBG9yaWdpbgNzZWFyY2guaHVmZnBvc3QuY29tBHBvcwMwBHBxc3RyAwRwcXN0cmwDMARxc3RybAMxMQRxdWVyeQNzYXJhaCUyMHBhbGluBHRfc3RtcAMxNTcxNTIzNjU0?p=sarah+palin&fr2=sb-top&fr=huffpost","","","Todd Palin Reportedly Files For Divorce From Sarah Palin","https://search.huffpost.com/click/_ylt=Awr9KRhNjKtdyU4ANMlsBmVH;_ylu=X3oDMTByNWU4cGh1BGNvbG8DZ3ExBHBvcwMxBHZ0aWQDBHNlYwNzYw--/RV=2/RE=1571552461/RO=10/RU=https%3a%2f%2fwww.huffpost.com%2fentry%2fsarah-palin-todd-palin-divorce_n_5d76a762e4b0fde50c2b4462/RK=2/RS=Pt3R1bkSZ1RR.QYt3TNY5VALSqE-","Todd Palin Reportedly Files For Divorce From Sarah Palin","The couple has been married for 31 years.","","09/09/2019 04:35 pm ET","HuffPost reached out to representatives for both Palins to confirm the report but received no immediate response."
"1571523701-1540","https://search.huffpost.com/search;_ylt=Awr9Eemyi6tdeSkAmkNsBmVH;_ylc=X1MDMTE5NzgwMzExNgRfcgMyBGZyA2h1ZmZwb3N0BGdwcmlkA0w5dUU3RzB5UWIyeklWOG5KZjJoZ0EEbl9yc2x0AzAEbl9zdWdnAzEwBG9yaWdpbgNzZWFyY2guaHVmZnBvc3QuY29tBHBvcwMwBHBxc3RyAwRwcXN0cmwDMARxc3RybAMxMQRxdWVyeQNzYXJhaCUyMHBhbGluBHRfc3RtcAMxNTcxNTIzNjU0?p=sarah+palin&fr2=sb-top&fr=huffpost","","","Sarah Palin's Lawsuit Against The New York Times Can Move Forward, Court Rules","https://search.huffpost.com/click/_ylt=Awr9KRhNjKtdyU4AOMlsBmVH;_ylu=X3oDMTByNWU4cGh1BGNvbG8DZ3ExBHBvcwMxBHZ0aWQDBHNlYwNzYw--/RV=2/RE=1571552461/RO=10/RU=https%3a%2f%2fwww.huffpost.com%2fentry%2fsarah-palin-new-york-times-lawsuit_n_5d49b07de4b0d291ed07a34d/RK=2/RS=4wyAJEjirLXRcm7EppvdSMuVnXc-","Sarah Palin’s Lawsuit Against The New York Times Can Move Forward, Court Rules","A federal appeals court has revived the suit after a lower court dismissed it in 2017.","","08/06/2019 02:21 pm ET","The piece looked at “how vicious American politics has become” and the role that weaponized rhetoric may play in mass shootings."
"1571523662-1485","https://search.huffpost.com/search;_ylt=Awr9Eemyi6tdeSkAmkNsBmVH;_ylc=X1MDMTE5NzgwMzExNgRfcgMyBGZyA2h1ZmZwb3N0BGdwcmlkA0w5dUU3RzB5UWIyeklWOG5KZjJoZ0EEbl9yc2x0AzAEbl9zdWdnAzEwBG9yaWdpbgNzZWFyY2guaHVmZnBvc3QuY29tBHBvcwMwBHBxc3RyAwRwcXN0cmwDMARxc3RybAMxMQRxdWVyeQNzYXJhaCUyMHBhbGluBHRfc3RtcAMxNTcxNTIzNjU0?p=sarah+palin&fr2=sb-top&fr=huffpost","3","https://search.huffpost.com/search;_ylt=Awr9KRhNjKtdyU4AT8lsBmVH;_ylu=X3oDMTEza3NiY3RnBGNvbG8DZ3ExBHBvcwMxBHZ0aWQDBHNlYwNwYWdpbmF0aW9u?p=sarah+palin&fr=huffpost&fr2=sb-top&b=21&pz=10&bct=0&xargs=0","","","","","","",""
"1571523713-1561","https://search.huffpost.com/search;_ylt=Awr9Eemyi6tdeSkAmkNsBmVH;_ylc=X1MDMTE5NzgwMzExNgRfcgMyBGZyA2h1ZmZwb3N0BGdwcmlkA0w5dUU3RzB5UWIyeklWOG5KZjJoZ0EEbl9yc2x0AzAEbl9zdWdnAzEwBG9yaWdpbgNzZWFyY2guaHVmZnBvc3QuY29tBHBvcwMwBHBxc3RyAwRwcXN0cmwDMARxc3RybAMxMQRxdWVyeQNzYXJhaCUyMHBhbGluBHRfc3RtcAMxNTcxNTIzNjU0?p=sarah+palin&fr2=sb-top&fr=huffpost","","","Todd Palin Reportedly Files For Divorce From Sarah Palin","https://search.huffpost.com/click/_ylt=Awr9KRhNjKtdyU4ANMlsBmVH;_ylu=X3oDMTByNWU4cGh1BGNvbG8DZ3ExBHBvcwMxBHZ0aWQDBHNlYwNzYw--/RV=2/RE=1571552461/RO=10/RU=https%3a%2f%2fwww.huffpost.com%2fentry%2fsarah-palin-todd-palin-divorce_n_5d76a762e4b0fde50c2b4462/RK=2/RS=Pt3R1bkSZ1RR.QYt3TNY5VALSqE-","Todd Palin Reportedly Files For Divorce From Sarah Palin","The couple has been married for 31 years.","","09/09/2019 04:35 pm ET","He cited an “incompatibility of temperament between the parties such that they find it impossible to live together as husband and wife.” The couple has been married for 31 years."
"1571523689-1525","https://search.huffpost.com/search;_ylt=Awr9Eemyi6tdeSkAmkNsBmVH;_ylc=X1MDMTE5NzgwMzExNgRfcgMyBGZyA2h1ZmZwb3N0BGdwcmlkA0w5dUU3RzB5UWIyeklWOG5KZjJoZ0EEbl9yc2x0AzAEbl9zdWdnAzEwBG9yaWdpbgNzZWFyY2guaHVmZnBvc3QuY29tBHBvcwMwBHBxc3RyAwRwcXN0cmwDMARxc3RybAMxMQRxdWVyeQNzYXJhaCUyMHBhbGluBHRfc3RtcAMxNTcxNTIzNjU0?p=sarah+palin&fr2=sb-top&fr=huffpost","","","Sarah Palin Endorses Three Iraq War Veterans For Congress","https://search.huffpost.com/click/_ylt=Awr9KRhNjKtdyU4APMlsBmVH;_ylu=X3oDMTByNWU4cGh1BGNvbG8DZ3ExBHBvcwMxBHZ0aWQDBHNlYwNzYw--/RV=2/RE=1571552461/RO=10/RU=https%3a%2f%2fwww.huffpost.com%2fentry%2fsarah-palin-endorses-thre_n_518325/RK=2/RS=UAoTMGx.c7dCCex.TmRA5dp99xc-","Sarah Palin Endorses Three Iraq War Veterans For Congress","null","","05/30/2010 05:12 am ET","Sarah Palin hit the cyber campaign trail — as well as the real one — this week, endorsing three Iraq War veterans running for Congress."
"1571523669-1494","https://search.huffpost.com/search;_ylt=Awr9Eemyi6tdeSkAmkNsBmVH;_ylc=X1MDMTE5NzgwMzExNgRfcgMyBGZyA2h1ZmZwb3N0BGdwcmlkA0w5dUU3RzB5UWIyeklWOG5KZjJoZ0EEbl9yc2x0AzAEbl9zdWdnAzEwBG9yaWdpbgNzZWFyY2guaHVmZnBvc3QuY29tBHBvcwMwBHBxc3RyAwRwcXN0cmwDMARxc3RybAMxMQRxdWVyeQNzYXJhaCUyMHBhbGluBHRfc3RtcAMxNTcxNTIzNjU0?p=sarah+palin&fr2=sb-top&fr=huffpost","","","Tina Fey's Sarah Palin Leads 'SNL' Chorus Lamenting 'What I Did For Trump'","https://search.huffpost.com/click/_ylt=Awr9KRhNjKtdyU4ARMlsBmVH;_ylu=X3oDMTByNWU4cGh1BGNvbG8DZ3ExBHBvcwMxBHZ0aWQDBHNlYwNzYw--/RV=2/RE=1571552461/RO=10/RU=https%3a%2f%2fwww.huffpost.com%2fentry%2ftina-feys-sarah-palin-leads-what-i-did-for-trump_n_5b012000e4b0a046186caec6/RK=2/RS=2z7GGmi88oOtPnKDrM0_0tL_B1Y-","Tina Fey’s Sarah Palin Leads ‘SNL’ Chorus Lamenting ‘What I Did For Trump’","John Goodman’s Tillerson croons: “Don’t forget I regret what I did for Trump.”","","05/20/2018 04:10 am ET","Watch how songbird Kate McKinnon’s Kellyanne Conway made her entrance in the video above."
"1571523679-1510","https://search.huffpost.com/search;_ylt=Awr9Eemyi6tdeSkAmkNsBmVH;_ylc=X1MDMTE5NzgwMzExNgRfcgMyBGZyA2h1ZmZwb3N0BGdwcmlkA0w5dUU3RzB5UWIyeklWOG5KZjJoZ0EEbl9yc2x0AzAEbl9zdWdnAzEwBG9yaWdpbgNzZWFyY2guaHVmZnBvc3QuY29tBHBvcwMwBHBxc3RyAwRwcXN0cmwDMARxc3RybAMxMQRxdWVyeQNzYXJhaCUyMHBhbGluBHRfc3RtcAMxNTcxNTIzNjU0?p=sarah+palin&fr2=sb-top&fr=huffpost","","","Sarah Palin Ups Her 2014 Game, Endorses In Competitive GOP Senate Primary","https://search.huffpost.com/click/_ylt=Awr9KRhNjKtdyU4AQMlsBmVH;_ylu=X3oDMTByNWU4cGh1BGNvbG8DZ3ExBHBvcwMxBHZ0aWQDBHNlYwNzYw--/RV=2/RE=1571552461/RO=10/RU=https%3a%2f%2fwww.huffpost.com%2fentry%2fsarah-palin-tw-shannon_n_4951731/RK=2/RS=P9GM0KJYbrkUfs.PZa1lVQrOOzI-","Sarah Palin Ups Her 2014 Game, Endorses In Competitive GOP Senate Primary","null","","03/12/2014 05:17 pm ET","Palin has already endorsed Sen. Tim Scott (R-S.C.); Texas Attorney General Greg Abbott (R), who is running for governor of the Lone Star State; and tea party activist Katrina Pierson, who didn’t manage to beat Rep. Pete Sessions (R-Texas) in last week’s primary."
"1571523701-1539","https://search.huffpost.com/search;_ylt=Awr9Eemyi6tdeSkAmkNsBmVH;_ylc=X1MDMTE5NzgwMzExNgRfcgMyBGZyA2h1ZmZwb3N0BGdwcmlkA0w5dUU3RzB5UWIyeklWOG5KZjJoZ0EEbl9yc2x0AzAEbl9zdWdnAzEwBG9yaWdpbgNzZWFyY2guaHVmZnBvc3QuY29tBHBvcwMwBHBxc3RyAwRwcXN0cmwDMARxc3RybAMxMQRxdWVyeQNzYXJhaCUyMHBhbGluBHRfc3RtcAMxNTcxNTIzNjU0?p=sarah+palin&fr2=sb-top&fr=huffpost","","","Sarah Palin's Lawsuit Against The New York Times Can Move Forward, Court Rules","https://search.huffpost.com/click/_ylt=Awr9KRhNjKtdyU4AOMlsBmVH;_ylu=X3oDMTByNWU4cGh1BGNvbG8DZ3ExBHBvcwMxBHZ0aWQDBHNlYwNzYw--/RV=2/RE=1571552461/RO=10/RU=https%3a%2f%2fwww.huffpost.com%2fentry%2fsarah-palin-new-york-times-lawsuit_n_5d49b07de4b0d291ed07a34d/RK=2/RS=4wyAJEjirLXRcm7EppvdSMuVnXc-","Sarah Palin’s Lawsuit Against The New York Times Can Move Forward, Court Rules","A federal appeals court has revived the suit after a lower court dismissed it in 2017.","","08/06/2019 02:21 pm ET","The lawsuit stems from a 2017 Times editorial, titled “America’s Lethal Politics,” published in the aftermath of the shooting at a baseball field in Virginia that left House Minority Whip Steve Scalise (R-La.) in critical condition."
"1571523701-1546","https://search.huffpost.com/search;_ylt=Awr9Eemyi6tdeSkAmkNsBmVH;_ylc=X1MDMTE5NzgwMzExNgRfcgMyBGZyA2h1ZmZwb3N0BGdwcmlkA0w5dUU3RzB5UWIyeklWOG5KZjJoZ0EEbl9yc2x0AzAEbl9zdWdnAzEwBG9yaWdpbgNzZWFyY2guaHVmZnBvc3QuY29tBHBvcwMwBHBxc3RyAwRwcXN0cmwDMARxc3RybAMxMQRxdWVyeQNzYXJhaCUyMHBhbGluBHRfc3RtcAMxNTcxNTIzNjU0?p=sarah+palin&fr2=sb-top&fr=huffpost","","","Sarah Palin's Lawsuit Against The New York Times Can Move Forward, Court Rules","https://search.huffpost.com/click/_ylt=Awr9KRhNjKtdyU4AOMlsBmVH;_ylu=X3oDMTByNWU4cGh1BGNvbG8DZ3ExBHBvcwMxBHZ0aWQDBHNlYwNzYw--/RV=2/RE=1571552461/RO=10/RU=https%3a%2f%2fwww.huffpost.com%2fentry%2fsarah-palin-new-york-times-lawsuit_n_5d49b07de4b0d291ed07a34d/RK=2/RS=4wyAJEjirLXRcm7EppvdSMuVnXc-","Sarah Palin’s Lawsuit Against The New York Times Can Move Forward, Court Rules","A federal appeals court has revived the suit after a lower court dismissed it in 2017.","","08/06/2019 02:21 pm ET","Palin appealed the decision, leading to the court’s ruling this week."
"1571523674-1497","https://search.huffpost.com/search;_ylt=Awr9Eemyi6tdeSkAmkNsBmVH;_ylc=X1MDMTE5NzgwMzExNgRfcgMyBGZyA2h1ZmZwb3N0BGdwcmlkA0w5dUU3RzB5UWIyeklWOG5KZjJoZ0EEbl9yc2x0AzAEbl9zdWdnAzEwBG9yaWdpbgNzZWFyY2guaHVmZnBvc3QuY29tBHBvcwMwBHBxc3RyAwRwcXN0cmwDMARxc3RybAMxMQRxdWVyeQNzYXJhaCUyMHBhbGluBHRfc3RtcAMxNTcxNTIzNjU0?p=sarah+palin&fr2=sb-top&fr=huffpost","","","Sarah Palin: Donald Trump Being 'Treated Really Unfairly'","https://search.huffpost.com/click/_ylt=Awr9KRhNjKtdyU4AQslsBmVH;_ylu=X3oDMTByNWU4cGh1BGNvbG8DZ3ExBHBvcwMxBHZ0aWQDBHNlYwNzYw--/RV=2/RE=1571552461/RO=10/RU=https%3a%2f%2fwww.huffpost.com%2fentry%2fsarah-palin-donald-trump_n_851446/RK=2/RS=HkmZ_L30kJSAJ6dQmHN7stJ69H4-","Sarah Palin: Donald Trump Being ‘Treated Really Unfairly’ (VIDEO)","null","","04/20/2011 10:35 am ET","“He’s merely answering reporters’ questions about his view on the birth certificate,” Palin explained. “Reporters turn that around and say ‘That’s all he’s got. He’s always only running on a birth certificate issue’ when that’s not the case.”"
"1571523707-1556","https://search.huffpost.com/search;_ylt=Awr9Eemyi6tdeSkAmkNsBmVH;_ylc=X1MDMTE5NzgwMzExNgRfcgMyBGZyA2h1ZmZwb3N0BGdwcmlkA0w5dUU3RzB5UWIyeklWOG5KZjJoZ0EEbl9yc2x0AzAEbl9zdWdnAzEwBG9yaWdpbgNzZWFyY2guaHVmZnBvc3QuY29tBHBvcwMwBHBxc3RyAwRwcXN0cmwDMARxc3RybAMxMQRxdWVyeQNzYXJhaCUyMHBhbGluBHRfc3RtcAMxNTcxNTIzNjU0?p=sarah+palin&fr2=sb-top&fr=huffpost","","","Sarah Palin Once Joked Her Marriage Was Doomed To Fail","https://search.huffpost.com/click/_ylt=Awr9KRhNjKtdyU4ANslsBmVH;_ylu=X3oDMTByNWU4cGh1BGNvbG8DZ3ExBHBvcwMxBHZ0aWQDBHNlYwNzYw--/RV=2/RE=1571552461/RO=10/RU=https%3a%2f%2fwww.huffpost.com%2fentry%2fsarah-palin-joked-about-divorce-todd-palin_n_5d76bed9e4b0fde50c2b7e10/RK=2/RS=Lx.N41IS11AalyCvRJ38ztkf7zU-","Sarah Palin Once Joked Her Marriage Was Doomed To Fail","Records released in 2012 by Alaska officials revealed the former governor and vice presidential candidate once quipped about the possibility in an email.","","09/09/2019 06:39 pm ET","The two have been married for 31 years."
"1571523701-1542","https://search.huffpost.com/search;_ylt=Awr9Eemyi6tdeSkAmkNsBmVH;_ylc=X1MDMTE5NzgwMzExNgRfcgMyBGZyA2h1ZmZwb3N0BGdwcmlkA0w5dUU3RzB5UWIyeklWOG5KZjJoZ0EEbl9yc2x0AzAEbl9zdWdnAzEwBG9yaWdpbgNzZWFyY2guaHVmZnBvc3QuY29tBHBvcwMwBHBxc3RyAwRwcXN0cmwDMARxc3RybAMxMQRxdWVyeQNzYXJhaCUyMHBhbGluBHRfc3RtcAMxNTcxNTIzNjU0?p=sarah+palin&fr2=sb-top&fr=huffpost","","","Sarah Palin's Lawsuit Against The New York Times Can Move Forward, Court Rules","https://search.huffpost.com/click/_ylt=Awr9KRhNjKtdyU4AOMlsBmVH;_ylu=X3oDMTByNWU4cGh1BGNvbG8DZ3ExBHBvcwMxBHZ0aWQDBHNlYwNzYw--/RV=2/RE=1571552461/RO=10/RU=https%3a%2f%2fwww.huffpost.com%2fentry%2fsarah-palin-new-york-times-lawsuit_n_5d49b07de4b0d291ed07a34d/RK=2/RS=4wyAJEjirLXRcm7EppvdSMuVnXc-","Sarah Palin’s Lawsuit Against The New York Times Can Move Forward, Court Rules","A federal appeals court has revived the suit after a lower court dismissed it in 2017.","","08/06/2019 02:21 pm ET","A direct link between the map and the 2011 shooting was never established, and the Times later issued a correction and apologized on Twitter for the error."
"1571523684-1517","https://search.huffpost.com/search;_ylt=Awr9Eemyi6tdeSkAmkNsBmVH;_ylc=X1MDMTE5NzgwMzExNgRfcgMyBGZyA2h1ZmZwb3N0BGdwcmlkA0w5dUU3RzB5UWIyeklWOG5KZjJoZ0EEbl9yc2x0AzAEbl9zdWdnAzEwBG9yaWdpbgNzZWFyY2guaHVmZnBvc3QuY29tBHBvcwMwBHBxc3RyAwRwcXN0cmwDMARxc3RybAMxMQRxdWVyeQNzYXJhaCUyMHBhbGluBHRfc3RtcAMxNTcxNTIzNjU0?p=sarah+palin&fr2=sb-top&fr=huffpost","","","Sarah Palin On Oil Spill: Send In Dutch Dike Builders (VIDEO)","https://search.huffpost.com/click/_ylt=Awr9KRhNjKtdyU4APslsBmVH;_ylu=X3oDMTByNWU4cGh1BGNvbG8DZ3ExBHBvcwMxBHZ0aWQDBHNlYwNzYw--/RV=2/RE=1571552461/RO=10/RU=https%3a%2f%2fwww.huffpost.com%2fentry%2fsarah-palin-on-oil-spill_n_614299/RK=2/RS=go3AeYJK.DYBU.BPY2blEpLjMHc-","Sarah Palin On Oil Spill: Send In Dutch Dike Builders (VIDEO)","null","","06/16/2010 01:16 pm ET","“Who?” O’Reilly pressed."
"1571523707-1554","https://search.huffpost.com/search;_ylt=Awr9Eemyi6tdeSkAmkNsBmVH;_ylc=X1MDMTE5NzgwMzExNgRfcgMyBGZyA2h1ZmZwb3N0BGdwcmlkA0w5dUU3RzB5UWIyeklWOG5KZjJoZ0EEbl9yc2x0AzAEbl9zdWdnAzEwBG9yaWdpbgNzZWFyY2guaHVmZnBvc3QuY29tBHBvcwMwBHBxc3RyAwRwcXN0cmwDMARxc3RybAMxMQRxdWVyeQNzYXJhaCUyMHBhbGluBHRfc3RtcAMxNTcxNTIzNjU0?p=sarah+palin&fr2=sb-top&fr=huffpost","","","Sarah Palin Once Joked Her Marriage Was Doomed To Fail","https://search.huffpost.com/click/_ylt=Awr9KRhNjKtdyU4ANslsBmVH;_ylu=X3oDMTByNWU4cGh1BGNvbG8DZ3ExBHBvcwMxBHZ0aWQDBHNlYwNzYw--/RV=2/RE=1571552461/RO=10/RU=https%3a%2f%2fwww.huffpost.com%2fentry%2fsarah-palin-joked-about-divorce-todd-palin_n_5d76bed9e4b0fde50c2b7e10/RK=2/RS=Lx.N41IS11AalyCvRJ38ztkf7zU-","Sarah Palin Once Joked Her Marriage Was Doomed To Fail","Records released in 2012 by Alaska officials revealed the former governor and vice presidential candidate once quipped about the possibility in an email.","","09/09/2019 06:39 pm ET","The day after HuffPost reported on the email, the 2008 Republican vice presidential nominee’s office said she was “clearly speaking tongue-in-cheek.”"
"1571523669-1492","https://search.huffpost.com/search;_ylt=Awr9Eemyi6tdeSkAmkNsBmVH;_ylc=X1MDMTE5NzgwMzExNgRfcgMyBGZyA2h1ZmZwb3N0BGdwcmlkA0w5dUU3RzB5UWIyeklWOG5KZjJoZ0EEbl9yc2x0AzAEbl9zdWdnAzEwBG9yaWdpbgNzZWFyY2guaHVmZnBvc3QuY29tBHBvcwMwBHBxc3RyAwRwcXN0cmwDMARxc3RybAMxMQRxdWVyeQNzYXJhaCUyMHBhbGluBHRfc3RtcAMxNTcxNTIzNjU0?p=sarah+palin&fr2=sb-top&fr=huffpost","","","Tina Fey's Sarah Palin Leads 'SNL' Chorus Lamenting 'What I Did For Trump'","https://search.huffpost.com/click/_ylt=Awr9KRhNjKtdyU4ARMlsBmVH;_ylu=X3oDMTByNWU4cGh1BGNvbG8DZ3ExBHBvcwMxBHZ0aWQDBHNlYwNzYw--/RV=2/RE=1571552461/RO=10/RU=https%3a%2f%2fwww.huffpost.com%2fentry%2ftina-feys-sarah-palin-leads-what-i-did-for-trump_n_5b012000e4b0a046186caec6/RK=2/RS=2z7GGmi88oOtPnKDrM0_0tL_B1Y-","Tina Fey’s Sarah Palin Leads ‘SNL’ Chorus Lamenting ‘What I Did For Trump’","John Goodman’s Tillerson croons: “Don’t forget I regret what I did for Trump.”","","05/20/2018 04:10 am ET","Aidy Bryant’s Sarah Huckabee Sanders popped up to pick up the line: “Kiss White House goodbye and point me towards Fox News. I did what he said to do. And I might regret what I did for Trump, what I fibbed for Trump.”"
"1571523674-1504","https://search.huffpost.com/search;_ylt=Awr9Eemyi6tdeSkAmkNsBmVH;_ylc=X1MDMTE5NzgwMzExNgRfcgMyBGZyA2h1ZmZwb3N0BGdwcmlkA0w5dUU3RzB5UWIyeklWOG5KZjJoZ0EEbl9yc2x0AzAEbl9zdWdnAzEwBG9yaWdpbgNzZWFyY2guaHVmZnBvc3QuY29tBHBvcwMwBHBxc3RyAwRwcXN0cmwDMARxc3RybAMxMQRxdWVyeQNzYXJhaCUyMHBhbGluBHRfc3RtcAMxNTcxNTIzNjU0?p=sarah+palin&fr2=sb-top&fr=huffpost","","","Sarah Palin: Donald Trump Being 'Treated Really Unfairly'","https://search.huffpost.com/click/_ylt=Awr9KRhNjKtdyU4AQslsBmVH;_ylu=X3oDMTByNWU4cGh1BGNvbG8DZ3ExBHBvcwMxBHZ0aWQDBHNlYwNzYw--/RV=2/RE=1571552461/RO=10/RU=https%3a%2f%2fwww.huffpost.com%2fentry%2fsarah-palin-donald-trump_n_851446/RK=2/RS=HkmZ_L30kJSAJ6dQmHN7stJ69H4-","Sarah Palin: Donald Trump Being ‘Treated Really Unfairly’ (VIDEO)","null","","04/20/2011 10:35 am ET","WATCH:"
"1571523669-1490","https://search.huffpost.com/search;_ylt=Awr9Eemyi6tdeSkAmkNsBmVH;_ylc=X1MDMTE5NzgwMzExNgRfcgMyBGZyA2h1ZmZwb3N0BGdwcmlkA0w5dUU3RzB5UWIyeklWOG5KZjJoZ0EEbl9yc2x0AzAEbl9zdWdnAzEwBG9yaWdpbgNzZWFyY2guaHVmZnBvc3QuY29tBHBvcwMwBHBxc3RyAwRwcXN0cmwDMARxc3RybAMxMQRxdWVyeQNzYXJhaCUyMHBhbGluBHRfc3RtcAMxNTcxNTIzNjU0?p=sarah+palin&fr2=sb-top&fr=huffpost","","","Tina Fey's Sarah Palin Leads 'SNL' Chorus Lamenting 'What I Did For Trump'","https://search.huffpost.com/click/_ylt=Awr9KRhNjKtdyU4ARMlsBmVH;_ylu=X3oDMTByNWU4cGh1BGNvbG8DZ3ExBHBvcwMxBHZ0aWQDBHNlYwNzYw--/RV=2/RE=1571552461/RO=10/RU=https%3a%2f%2fwww.huffpost.com%2fentry%2ftina-feys-sarah-palin-leads-what-i-did-for-trump_n_5b012000e4b0a046186caec6/RK=2/RS=2z7GGmi88oOtPnKDrM0_0tL_B1Y-","Tina Fey’s Sarah Palin Leads ‘SNL’ Chorus Lamenting ‘What I Did For Trump’","John Goodman’s Tillerson croons: “Don’t forget I regret what I did for Trump.”","","05/20/2018 04:10 am ET","Take “Palin,” for example. “I was the first female on a Republican presidential ticket and now I get paid to tweet for Bass Pro Shops,” said Fey. “Politics is a wild ride. One minute you’re on top and then you’re gone in the blink of a Scaramucci.”"
"1571523696-1532","https://search.huffpost.com/search;_ylt=Awr9Eemyi6tdeSkAmkNsBmVH;_ylc=X1MDMTE5NzgwMzExNgRfcgMyBGZyA2h1ZmZwb3N0BGdwcmlkA0w5dUU3RzB5UWIyeklWOG5KZjJoZ0EEbl9yc2x0AzAEbl9zdWdnAzEwBG9yaWdpbgNzZWFyY2guaHVmZnBvc3QuY29tBHBvcwMwBHBxc3RyAwRwcXN0cmwDMARxc3RybAMxMQRxdWVyeQNzYXJhaCUyMHBhbGluBHRfc3RtcAMxNTcxNTIzNjU0?p=sarah+palin&fr2=sb-top&fr=huffpost","","","Sarah Palin Says McCain's Regrets About Her Are A 'Perpetual Gut-Punch'","https://search.huffpost.com/click/_ylt=Awr9KRhNjKtdyU4AOslsBmVH;_ylu=X3oDMTByNWU4cGh1BGNvbG8DZ3ExBHBvcwMxBHZ0aWQDBHNlYwNzYw--/RV=2/RE=1571552461/RO=10/RU=https%3a%2f%2fwww.huffpost.com%2fentry%2fsarah-palin-john-mccain-regrets_n_5af56b23e4b00d7e4c1998d2/RK=2/RS=E6Whyf4h372pEya2VxIqO1PW5NE-","Sarah Palin Says McCain’s Regrets About Her Are A ‘Perpetual Gut-Punch’","Sen. John McCain (R-Ariz.) reportedly wishes he’d chosen Joe Lieberman as his 2008 running mate.","","05/11/2018 07:58 am ET","“That’s not what Sen. McCain has told me all these years, as he’s apologized to me repeatedly for the people who ran his campaign –- some who now staff MSNBC, the newsroom there, which tells you a lot,” Palin said. She attributed McCain’s statements to his ghostwriters."
"1571523696-1534","https://search.huffpost.com/search;_ylt=Awr9Eemyi6tdeSkAmkNsBmVH;_ylc=X1MDMTE5NzgwMzExNgRfcgMyBGZyA2h1ZmZwb3N0BGdwcmlkA0w5dUU3RzB5UWIyeklWOG5KZjJoZ0EEbl9yc2x0AzAEbl9zdWdnAzEwBG9yaWdpbgNzZWFyY2guaHVmZnBvc3QuY29tBHBvcwMwBHBxc3RyAwRwcXN0cmwDMARxc3RybAMxMQRxdWVyeQNzYXJhaCUyMHBhbGluBHRfc3RtcAMxNTcxNTIzNjU0?p=sarah+palin&fr2=sb-top&fr=huffpost","","","Sarah Palin Says McCain's Regrets About Her Are A 'Perpetual Gut-Punch'","https://search.huffpost.com/click/_ylt=Awr9KRhNjKtdyU4AOslsBmVH;_ylu=X3oDMTByNWU4cGh1BGNvbG8DZ3ExBHBvcwMxBHZ0aWQDBHNlYwNzYw--/RV=2/RE=1571552461/RO=10/RU=https%3a%2f%2fwww.huffpost.com%2fentry%2fsarah-palin-john-mccain-regrets_n_5af56b23e4b00d7e4c1998d2/RK=2/RS=E6Whyf4h372pEya2VxIqO1PW5NE-","Sarah Palin Says McCain’s Regrets About Her Are A ‘Perpetual Gut-Punch’","Sen. John McCain (R-Ariz.) reportedly wishes he’d chosen Joe Lieberman as his 2008 running mate.","","05/11/2018 07:58 am ET","McCain reportedly writes in his book that he planned to choose Joe Lieberman, then an independent senator from Connecticut, as his running mate, but advisers counseled him against it because of Lieberman’s past as a Democrat."
"1571523679-1505","https://search.huffpost.com/search;_ylt=Awr9Eemyi6tdeSkAmkNsBmVH;_ylc=X1MDMTE5NzgwMzExNgRfcgMyBGZyA2h1ZmZwb3N0BGdwcmlkA0w5dUU3RzB5UWIyeklWOG5KZjJoZ0EEbl9yc2x0AzAEbl9zdWdnAzEwBG9yaWdpbgNzZWFyY2guaHVmZnBvc3QuY29tBHBvcwMwBHBxc3RyAwRwcXN0cmwDMARxc3RybAMxMQRxdWVyeQNzYXJhaCUyMHBhbGluBHRfc3RtcAMxNTcxNTIzNjU0?p=sarah+palin&fr2=sb-top&fr=huffpost","","","Sarah Palin Ups Her 2014 Game, Endorses In Competitive GOP Senate Primary","https://search.huffpost.com/click/_ylt=Awr9KRhNjKtdyU4AQMlsBmVH;_ylu=X3oDMTByNWU4cGh1BGNvbG8DZ3ExBHBvcwMxBHZ0aWQDBHNlYwNzYw--/RV=2/RE=1571552461/RO=10/RU=https%3a%2f%2fwww.huffpost.com%2fentry%2fsarah-palin-tw-shannon_n_4951731/RK=2/RS=P9GM0KJYbrkUfs.PZa1lVQrOOzI-","Sarah Palin Ups Her 2014 Game, Endorses In Competitive GOP Senate Primary","null","Samantha Lachman","03/12/2014 05:17 pm ET",""
"1571523689-1527","https://search.huffpost.com/search;_ylt=Awr9Eemyi6tdeSkAmkNsBmVH;_ylc=X1MDMTE5NzgwMzExNgRfcgMyBGZyA2h1ZmZwb3N0BGdwcmlkA0w5dUU3RzB5UWIyeklWOG5KZjJoZ0EEbl9yc2x0AzAEbl9zdWdnAzEwBG9yaWdpbgNzZWFyY2guaHVmZnBvc3QuY29tBHBvcwMwBHBxc3RyAwRwcXN0cmwDMARxc3RybAMxMQRxdWVyeQNzYXJhaCUyMHBhbGluBHRfc3RtcAMxNTcxNTIzNjU0?p=sarah+palin&fr2=sb-top&fr=huffpost","","","Sarah Palin Endorses Three Iraq War Veterans For Congress","https://search.huffpost.com/click/_ylt=Awr9KRhNjKtdyU4APMlsBmVH;_ylu=X3oDMTByNWU4cGh1BGNvbG8DZ3ExBHBvcwMxBHZ0aWQDBHNlYwNzYw--/RV=2/RE=1571552461/RO=10/RU=https%3a%2f%2fwww.huffpost.com%2fentry%2fsarah-palin-endorses-thre_n_518325/RK=2/RS=UAoTMGx.c7dCCex.TmRA5dp99xc-","Sarah Palin Endorses Three Iraq War Veterans For Congress","null","","05/30/2010 05:12 am ET","“America, if you love your freedom, thank a vet! And if you’re looking for leaders who believe in integrity, service, and country first, look to our veterans,” Palin wrote in her post."
"1571523684-1518","https://search.huffpost.com/search;_ylt=Awr9Eemyi6tdeSkAmkNsBmVH;_ylc=X1MDMTE5NzgwMzExNgRfcgMyBGZyA2h1ZmZwb3N0BGdwcmlkA0w5dUU3RzB5UWIyeklWOG5KZjJoZ0EEbl9yc2x0AzAEbl9zdWdnAzEwBG9yaWdpbgNzZWFyY2guaHVmZnBvc3QuY29tBHBvcwMwBHBxc3RyAwRwcXN0cmwDMARxc3RybAMxMQRxdWVyeQNzYXJhaCUyMHBhbGluBHRfc3RtcAMxNTcxNTIzNjU0?p=sarah+palin&fr2=sb-top&fr=huffpost","","","Sarah Palin On Oil Spill: Send In Dutch Dike Builders (VIDEO)","https://search.huffpost.com/click/_ylt=Awr9KRhNjKtdyU4APslsBmVH;_ylu=X3oDMTByNWU4cGh1BGNvbG8DZ3ExBHBvcwMxBHZ0aWQDBHNlYwNzYw--/RV=2/RE=1571552461/RO=10/RU=https%3a%2f%2fwww.huffpost.com%2fentry%2fsarah-palin-on-oil-spill_n_614299/RK=2/RS=go3AeYJK.DYBU.BPY2blEpLjMHc-","Sarah Palin On Oil Spill: Send In Dutch Dike Builders (VIDEO)","null","","06/16/2010 01:16 pm ET","“The Dutch and the Norwegians, they are known for dikes and for cleaning up water and for dealing with spills. They offered to help, and yet no, they too — with the proverbial can’t even get a phone call back. That is what the Norwegians are telling us and the Dutch are telling us,” Palin explained. “And then the entrepreneurial Americans. The company in Maine that has the boom and the absorbents. Those companies that are waiting for the Obama Administration eight weeks later for the regulators to come in and say ‘okay, we’ll purchase from you now, we’ll do all that we can.’ That’s where some of the frustration is.”"
"1571523689-1528","https://search.huffpost.com/search;_ylt=Awr9Eemyi6tdeSkAmkNsBmVH;_ylc=X1MDMTE5NzgwMzExNgRfcgMyBGZyA2h1ZmZwb3N0BGdwcmlkA0w5dUU3RzB5UWIyeklWOG5KZjJoZ0EEbl9yc2x0AzAEbl9zdWdnAzEwBG9yaWdpbgNzZWFyY2guaHVmZnBvc3QuY29tBHBvcwMwBHBxc3RyAwRwcXN0cmwDMARxc3RybAMxMQRxdWVyeQNzYXJhaCUyMHBhbGluBHRfc3RtcAMxNTcxNTIzNjU0?p=sarah+palin&fr2=sb-top&fr=huffpost","","","Sarah Palin Endorses Three Iraq War Veterans For Congress","https://search.huffpost.com/click/_ylt=Awr9KRhNjKtdyU4APMlsBmVH;_ylu=X3oDMTByNWU4cGh1BGNvbG8DZ3ExBHBvcwMxBHZ0aWQDBHNlYwNzYw--/RV=2/RE=1571552461/RO=10/RU=https%3a%2f%2fwww.huffpost.com%2fentry%2fsarah-palin-endorses-thre_n_518325/RK=2/RS=UAoTMGx.c7dCCex.TmRA5dp99xc-","Sarah Palin Endorses Three Iraq War Veterans For Congress","null","","05/30/2010 05:12 am ET","Palin’s online support for these candidates comes on the heels of recent in-person campaign appearances. Over the last week, the former Alaska governor and one-time vice presidential candidate has appeared at a John McCain rally and headlined a Tea Party Express event in Searchlight, Nevada, the hometown of Senate Majority Leader Harry Reid (R-Nev.)"
"1571523701-1544","https://search.huffpost.com/search;_ylt=Awr9Eemyi6tdeSkAmkNsBmVH;_ylc=X1MDMTE5NzgwMzExNgRfcgMyBGZyA2h1ZmZwb3N0BGdwcmlkA0w5dUU3RzB5UWIyeklWOG5KZjJoZ0EEbl9yc2x0AzAEbl9zdWdnAzEwBG9yaWdpbgNzZWFyY2guaHVmZnBvc3QuY29tBHBvcwMwBHBxc3RyAwRwcXN0cmwDMARxc3RybAMxMQRxdWVyeQNzYXJhaCUyMHBhbGluBHRfc3RtcAMxNTcxNTIzNjU0?p=sarah+palin&fr2=sb-top&fr=huffpost","","","Sarah Palin's Lawsuit Against The New York Times Can Move Forward, Court Rules","https://search.huffpost.com/click/_ylt=Awr9KRhNjKtdyU4AOMlsBmVH;_ylu=X3oDMTByNWU4cGh1BGNvbG8DZ3ExBHBvcwMxBHZ0aWQDBHNlYwNzYw--/RV=2/RE=1571552461/RO=10/RU=https%3a%2f%2fwww.huffpost.com%2fentry%2fsarah-palin-new-york-times-lawsuit_n_5d49b07de4b0d291ed07a34d/RK=2/RS=4wyAJEjirLXRcm7EppvdSMuVnXc-","Sarah Palin’s Lawsuit Against The New York Times Can Move Forward, Court Rules","A federal appeals court has revived the suit after a lower court dismissed it in 2017.","","08/06/2019 02:21 pm ET","U.S. District Judge Jed Rakoff dismissed the suit in August 2017, saying the editorial may have contained errors but that it wasn’t plausible those errors were made with malice."
